"pack","id","level","category","word","article","plural","translation_tr","example_de","example_tr","tags"
"a1","a1_0001","A1","Selamlama","Hallo","","","merhaba","Hallo! Wie geht es dir?","Merhaba! Nasılsın?","greeting, a1"
"a1","a1_0002","A1","Selamlama","Guten Morgen","","","günaydın","Guten Morgen! Schönen Tag!","Günaydın! İyi günler!","greeting, a1"
"a1","a1_0003","A1","Selamlama","Guten Tag","","","iyi günler","Guten Tag, Frau Müller!","İyi günler, Bayan Müller!","greeting, a1"
"a1","a1_0004","A1","Selamlama","Guten Abend","","","iyi akşamlar","Guten Abend! Wie geht es?","İyi akşamlar! Nasılsınız?","greeting, a1"
"a1","a1_0005","A1","Selamlama","Gute Nacht","","","iyi geceler","Gute Nacht und schlaf gut!","İyi geceler ve iyi uyu!","greeting, a1"
"a1","a1_0006","A1","Selamlama","Tschüss","","","hoşça kal","Tschüss! Bis morgen!","Hoşça kal! Yarın görüşürüz!","greeting, a1"
"a1","a1_0007","A1","Selamlama","Auf Wiedersehen","","","güle güle","Auf Wiedersehen, Herr Schmidt!","Güle güle, Bay Schmidt!","greeting, a1"
"a1","a1_0008","A1","Selamlama","Danke","","","teşekkürler","Danke schön!","Çok teşekkürler!","greeting, a1"
"a1","a1_0009","A1","Selamlama","Bitte","","","lütfen / rica ederim","Bitte schön!","Buyrun / Rica ederim!","greeting, a1"
"a1","a1_0010","A1","Selamlama","Entschuldigung","","","affedersiniz","Entschuldigung, wo ist die Toilette?","Affedersiniz, tuvalet nerede?","greeting, a1"
"a1","a1_0011","A1","Selamlama","Willkommen","","","hoş geldiniz","Willkommen in Deutschland!","Almanya'ya hoş geldiniz!","greeting, a1"
"a1","a1_0012","A1","Selamlama","Servus","","","selam (Güney Almanca)","Servus! Alles klar?","Selam! Her şey yolunda mı?","greeting, a1"
"a1","a1_0013","A1","Selamlama","Grüß Gott","","","selam (Bavyera)","Grüß Gott! Schönen Tag!","Selam! İyi günler!","greeting, a1"
"a1","a1_0014","A1","Selamlama","Morgen","","","sabah","Am Morgen trinke ich Kaffee.","Sabah kahve içerim.","greeting, time, a1"
"a1","a1_0015","A1","Selamlama","Abend","der","Abende","akşam","Am Abend bin ich müde.","Akşam yorgunum.","greeting, time, a1"
"a1","a1_0016","A1","Selamlama","Wie geht es?","","","nasılsın?","Wie geht es Ihnen?","Nasılsınız?","greeting, a1"
"a1","a1_0017","A1","Selamlama","Alles klar","","","her şey yolunda","Alles klar? — Ja, alles klar!","Her şey yolunda mı? — Evet!","greeting, a1"
"a1","a1_0018","A1","Selamlama","Schön","","","güzel","Schön, dich zu sehen!","Seni görmek güzel!","greeting, a1"
"a1","a1_0019","A1","Selamlama","Freut mich","","","memnun oldum","Freut mich, Sie kennenzulernen.","Tanıştığımıza memnun oldum.","greeting, a1"
"a1","a1_0020","A1","Selamlama","Bis bald","","","görüşürüz","Bis bald!","Yakında görüşürüz!","greeting, a1"
"a1","a1_0021","A1","Selamlama","Bis später","","","sonra görüşürüz","Bis später!","Sonra görüşürüz!","greeting, a1"
"a1","a1_0022","A1","Selamlama","Guten Appetit","","","afiyet olsun","Guten Appetit!","Afiyet olsun!","greeting, a1"
"a1","a1_0023","A1","Selamlama","Prost","","","şerefe","Prost!","Şerefe!","greeting, a1"
"a1","a1_0024","A1","Selamlama","Herzlichen Glückwunsch","","","tebrikler","Herzlichen Glückwunsch zum Geburtstag!","Doğum günün kutlu olsun!","greeting, a1"
"a1","a1_0025","A1","Selamlama","Viel Glück","","","bol şans","Viel Glück bei der Prüfung!","Sınavda bol şans!","greeting, a1"
"a1","a1_0026","A1","Selamlama","Gute Besserung","","","geçmiş olsun","Gute Besserung!","Geçmiş olsun!","greeting, a1"
"a1","a1_0027","A1","Selamlama","Schönes Wochenende","","","iyi hafta sonları","Schönes Wochenende!","İyi hafta sonları!","greeting, a1"
"a1","a1_0028","A1","Selamlama","Frohe Weihnachten","","","mutlu Noel","Frohe Weihnachten!","Mutlu Noel!","greeting, a1"
"a1","a1_0029","A1","Selamlama","Frohes neues Jahr","","","mutlu yıllar","Frohes neues Jahr!","Mutlu yıllar!","greeting, a1"
"a1","a1_0030","A1","Selamlama","Ja","","","evet","Ja, natürlich!","Evet, tabii ki!","greeting, basic, a1"
"a1","a1_0031","A1","Selamlama","Nein","","","hayır","Nein, danke.","Hayır, teşekkürler.","greeting, basic, a1"
"a1","a1_0032","A1","Selamlama","Vielleicht","","","belki","Vielleicht morgen.","Belki yarın.","greeting, basic, a1"
"a1","a1_0033","A1","Selamlama","Natürlich","","","tabii ki","Natürlich!","Tabii ki!","greeting, basic, a1"
"a1","a1_0034","A1","Tanışma","Name","der","Namen","isim","Mein Name ist Timur.","Benim adım Timur.","introduction, a1"
"a1","a1_0035","A1","Tanışma","Vorname","der","Vornamen","ad","Mein Vorname ist Ali.","Adım Ali.","introduction, a1"
"a1","a1_0036","A1","Tanışma","Nachname","der","Nachnamen","soyad","Mein Nachname ist Yilmaz.","Soyadım Yılmaz.","introduction, a1"
"a1","a1_0037","A1","Tanışma","kommen","","","gelmek","Ich komme aus der Türkei.","Türkiye'den geliyorum.","verb, introduction, a1"
"a1","a1_0038","A1","Tanışma","wohnen","","","yaşamak","Ich wohne in Berlin.","Berlin'de yaşıyorum.","verb, introduction, a1"
"a1","a1_0039","A1","Tanışma","Sprache","die","Sprachen","dil","Ich spreche Deutsch und Türkisch.","Almanca ve Türkçe konuşuyorum.","noun, introduction, a1"
"a1","a1_0040","A1","Tanışma","sprechen","","","konuşmak","Ich spreche ein bisschen Deutsch.","Biraz Almanca konuşuyorum.","verb, introduction, a1"
"a1","a1_0041","A1","Tanışma","verstehen","","","anlamak","Ich verstehe nicht.","Anlamıyorum.","verb, introduction, a1"
"a1","a1_0042","A1","Tanışma","lernen","","","öğrenmek","Ich lerne Deutsch.","Almanca öğreniyorum.","verb, introduction, a1"
"a1","a1_0043","A1","Tanışma","Land","das","Länder","ülke","Mein Land ist die Türkei.","Ülkem Türkiye.","noun, introduction, a1"
"a1","a1_0044","A1","Tanışma","Stadt","die","Städte","şehir","Ich wohne in einer großen Stadt.","Büyük bir şehirde yaşıyorum.","noun, introduction, a1"
"a1","a1_0045","A1","Tanışma","Adresse","die","Adressen","adres","Meine Adresse ist Hauptstraße 5.","Adresim Hauptstraße 5.","noun, introduction, a1"
"a1","a1_0046","A1","Tanışma","Alter","das","","yaş","Mein Alter ist 25.","Yaşım 25.","noun, introduction, a1"
"a1","a1_0047","A1","Tanışma","Jahre alt","","","yaşında","Ich bin 25 Jahre alt.","25 yaşındayım.","introduction, a1"
"a1","a1_0048","A1","Tanışma","Beruf","der","Berufe","meslek","Mein Beruf ist Lagerarbeiter.","Mesleğim depo işçisi.","noun, introduction, a1"
"a1","a1_0049","A1","Tanışma","arbeiten als","","","olarak çalışmak","Ich arbeite als Fahrer.","Şoför olarak çalışıyorum.","introduction, a1"
"a1","a1_0050","A1","Tanışma","ledig","","","bekar","Ich bin ledig.","Bekarım.","introduction, a1"
"a1","a1_0051","A1","Tanışma","verheiratet","","","evli","Ich bin verheiratet.","Evliyim.","introduction, a1"
"a1","a1_0052","A1","Tanışma","Nationalität","die","Nationalitäten","uyruk","Meine Nationalität ist türkisch.","Uyruğum Türk.","noun, introduction, a1"
"a1","a1_0053","A1","Tanışma","Pass","der","Pässe","pasaport","Mein Pass ist gültig.","Pasaportum geçerli.","noun, introduction, a1"
"a1","a1_0054","A1","Tanışma","Ausweis","der","Ausweise","kimlik","Hier ist mein Ausweis.","İşte kimliğim.","noun, introduction, a1"
"a1","a1_0055","A1","Tanışma","Telefonnummer","die","Telefonnummern","telefon numarası","Meine Telefonnummer ist 0176...","Telefon numaram 0176...","noun, introduction, a1"
"a1","a1_0056","A1","Tanışma","E-Mail","die","E-Mails","e-posta","Meine E-Mail ist timur@mail.de.","E-postam timur@mail.de.","noun, introduction, a1"
"a1","a1_0057","A1","Tanışma","kennenlernen","","","tanışmak","Schön, dich kennenzulernen.","Tanıştığıma memnun oldum.","verb, introduction, a1"
"a1","a1_0058","A1","Tanışma","heißen","","","adlandırılmak","Ich heiße Timur.","Adım Timur.","verb, introduction, a1"
"a1","a1_0059","A1","Tanışma","sein","","","olmak","Ich bin Student.","Öğrenciyim.","verb, introduction, a1"
"a1","a1_0060","A1","Tanışma","haben","","","sahip olmak","Ich habe einen Bruder.","Bir erkek kardeşim var.","verb, introduction, a1"
"a1","a1_0061","A1","Tanışma","Frage","die","Fragen","soru","Ich habe eine Frage.","Bir sorum var.","noun, introduction, a1"
"a1","a1_0062","A1","Tanışma","Antwort","die","Antworten","cevap","Das ist meine Antwort.","Bu benim cevabım.","noun, introduction, a1"
"a1","a1_0063","A1","Tanışma","Information","die","Informationen","bilgi","Ich brauche Information.","Bilgiye ihtiyacım var.","noun, introduction, a1"
"a1","a1_0064","A1","Tanışma","Formular","das","Formulare","form","Ich fülle das Formular aus.","Formu dolduruyorum.","noun, introduction, a1"
"a1","a1_0065","A1","Tanışma","Unterschrift","die","Unterschriften","imza","Hier ist meine Unterschrift.","İşte imzam.","noun, introduction, a1"
"a1","a1_0066","A1","Tanışma","Datum","das","Daten","tarih","Das Datum ist der 1. März.","Tarih 1 Mart.","noun, introduction, a1"
"a1","a1_0067","A1","Tanışma","Geburtsdatum","das","Geburtsdaten","doğum tarihi","Mein Geburtsdatum ist der 1. Januar.","Doğum tarihim 1 Ocak.","noun, introduction, a1"
"a1","a1_0068","A1","Aile","Mutter","die","Mütter","anne","Meine Mutter ist nett.","Annem nazik.","family, a1"
"a1","a1_0069","A1","Aile","Vater","der","Väter","baba","Mein Vater arbeitet viel.","Babam çok çalışıyor.","family, a1"
"a1","a1_0070","A1","Aile","Kind","das","Kinder","çocuk","Das Kind spielt im Garten.","Çocuk bahçede oynuyor.","family, a1"
"a1","a1_0071","A1","Aile","Sohn","der","Söhne","oğul","Mein Sohn ist fünf Jahre alt.","Oğlum beş yaşında.","family, a1"
"a1","a1_0072","A1","Aile","Tochter","die","Töchter","kız evlat","Meine Tochter geht in die Schule.","Kızım okula gidiyor.","family, a1"
"a1","a1_0073","A1","Aile","Bruder","der","Brüder","erkek kardeş","Mein Bruder wohnt in Hamburg.","Erkek kardeşim Hamburg'da.","family, a1"
"a1","a1_0074","A1","Aile","Schwester","die","Schwestern","kız kardeş","Meine Schwester ist Ärztin.","Kız kardeşim doktor.","family, a1"
"a1","a1_0075","A1","Aile","Großmutter","die","Großmütter","büyükanne","Meine Großmutter kocht gut.","Büyükannem iyi yemek yapar.","family, a1"
"a1","a1_0076","A1","Aile","Großvater","der","Großväter","büyükbaba","Mein Großvater ist 80.","Büyükbabam 80 yaşında.","family, a1"
"a1","a1_0077","A1","Aile","Eltern","die","","ebeveynler","Meine Eltern leben in der Türkei.","Ebeveynlerim Türkiye'de.","family, a1"
"a1","a1_0078","A1","Aile","Familie","die","Familien","aile","Meine Familie ist groß.","Ailem büyük.","family, a1"
"a1","a1_0079","A1","Aile","Ehemann","der","Ehemänner","koca","Mein Ehemann arbeitet im Lager.","Kocam depoda çalışıyor.","family, a1"
"a1","a1_0080","A1","Aile","Ehefrau","die","Ehefrauen","eş (kadın)","Meine Ehefrau ist zu Hause.","Eşim evde.","family, a1"
"a1","a1_0081","A1","Aile","Baby","das","Babys","bebek","Das Baby schläft.","Bebek uyuyor.","family, a1"
"a1","a1_0082","A1","Aile","Enkel","der","Enkel","torun (erkek)","Mein Enkel ist süß.","Torunum tatlı.","family, a1"
"a1","a1_0083","A1","Aile","Enkelin","die","Enkelinnen","torun (kız)","Meine Enkelin spielt Klavier.","Kız torunum piyano çalıyor.","family, a1"
"a1","a1_0084","A1","Aile","Onkel","der","Onkel","amca/dayı","Mein Onkel wohnt in Ankara.","Amcam Ankara'da.","family, a1"
"a1","a1_0085","A1","Aile","Tante","die","Tanten","hala/teyze","Meine Tante ist nett.","Hala teyzem nazik.","family, a1"
"a1","a1_0086","A1","Aile","Cousin","der","Cousins","kuzen (erkek)","Mein Cousin studiert.","Kuzenim okuyor.","family, a1"
"a1","a1_0087","A1","Aile","Cousine","die","Cousinen","kuzen (kız)","Meine Cousine arbeitet.","Kız kuzenim çalışıyor.","family, a1"
"a1","a1_0088","A1","Aile","Schwiegermutter","die","Schwiegermütter","kayınvalide","Meine Schwiegermutter wohnt bei uns.","Kayınvalidem bizde kalıyor.","family, a1"
"a1","a1_0089","A1","Aile","Schwiegervater","der","Schwiegerväter","kayın baba","Mein Schwiegervater ist Rentner.","Kayınpederim emekli.","family, a1"
"a1","a1_0090","A1","Aile","Schwager","der","Schwäger","enişte/bacanak","Mein Schwager ist Mechaniker.","Enişte bacanağım tamirci.","family, a1"
"a1","a1_0091","A1","Aile","Schwägerin","die","Schwägerinnen","baldız/gelin","Meine Schwägerin ist Lehrerin.","Baldız gelinim öğretmen.","family, a1"
"a1","a1_0092","A1","Aile","Neffe","der","Neffen","yeğen (erkek)","Mein Neffe ist zehn.","Yeğenim on yaşında.","family, a1"
"a1","a1_0093","A1","Aile","Nichte","die","Nichten","yeğen (kız)","Meine Nichte tanzt gern.","Kız yeğenim dans etmeyi sever.","family, a1"
"a1","a1_0094","A1","Aile","Verwandte","der","Verwandten","akraba","Ich besuche Verwandte.","Akrabaları ziyaret ediyorum.","family, a1"
"a1","a1_0095","A1","Aile","Paar","das","Paare","çift","Das Paar ist verheiratet.","Çift evli.","family, a1"
"a1","a1_0096","A1","Aile","lieben","","","sevmek","Ich liebe meine Familie.","Ailemi seviyorum.","verb, family, a1"
"a1","a1_0097","A1","Aile","heiraten","","","evlenmek","Wir heiraten im Sommer.","Yazın evleniyoruz.","verb, family, a1"
"a1","a1_0098","A1","Aile","geboren","","","doğmuş","Ich bin in Istanbul geboren.","İstanbul'da doğdum.","family, a1"
"a1","a1_0099","A1","Aile","Zusammenleben","","","birlikte yaşamak","Wir leben zusammen.","Birlikte yaşıyoruz.","family, a1"
"a1","a1_0100","A1","Aile","allein","","","yalnız","Ich wohne allein.","Yalnız yaşıyorum.","family, a1"
"a1","a1_0101","A1","Aile","zusammen","","","birlikte","Wir essen zusammen.","Birlikte yemek yiyoruz.","family, a1"
"a1","a1_0102","A1","Ev","Haus","das","Häuser","ev","Das ist mein Haus.","Bu benim evim.","daily, a1"
"a1","a1_0103","A1","Ev","Wohnung","die","Wohnungen","daire","Meine Wohnung ist klein.","Dairem küçük.","daily, a1"
"a1","a1_0104","A1","Ev","Zimmer","das","Zimmer","oda","Mein Zimmer ist sauber.","Odam temiz.","daily, a1"
"a1","a1_0105","A1","Ev","Küche","die","Küchen","mutfak","Die Küche ist modern.","Mutfak modern.","daily, a1"
"a1","a1_0106","A1","Ev","Bad","das","Bäder","banyo","Das Bad ist klein.","Banyo küçük.","daily, a1"
"a1","a1_0107","A1","Ev","Schlafzimmer","das","Schlafzimmer","yatak odası","Das Schlafzimmer ist hell.","Yatak odası aydınlık.","daily, a1"
"a1","a1_0108","A1","Ev","Wohnzimmer","das","Wohnzimmer","oturma odası","Im Wohnzimmer ist ein Sofa.","Oturma odasında kanepe var.","daily, a1"
"a1","a1_0109","A1","Ev","Tür","die","Türen","kapı","Die Tür ist offen.","Kapı açık.","daily, a1"
"a1","a1_0110","A1","Ev","Fenster","das","Fenster","pencere","Das Fenster ist geschlossen.","Pencere kapalı.","daily, a1"
"a1","a1_0111","A1","Ev","Bett","das","Betten","yatak","Das Bett ist bequem.","Yatak rahat.","daily, a1"
"a1","a1_0112","A1","Ev","Tisch","der","Tische","masa","Der Tisch ist groß.","Masa büyük.","daily, a1"
"a1","a1_0113","A1","Ev","Stuhl","der","Stühle","sandalye","Der Stuhl ist kaputt.","Sandalye kırık.","daily, a1"
"a1","a1_0114","A1","Ev","Sofa","das","Sofas","kanepe","Das Sofa ist neu.","Kanepe yeni.","daily, a1"
"a1","a1_0115","A1","Ev","Schrank","der","Schränke","dolap","Der Schrank ist voll.","Dolap dolu.","daily, a1"
"a1","a1_0116","A1","Ev","Regal","das","Regale","raf","Das Regal ist leer.","Raf boş.","daily, a1"
"a1","a1_0117","A1","Ev","Lampe","die","Lampen","lamba","Die Lampe ist an.","Lamba açık.","daily, a1"
"a1","a1_0118","A1","Ev","Teppich","der","Teppiche","halı","Der Teppich ist rot.","Halı kırmızı.","daily, a1"
"a1","a1_0119","A1","Ev","Spiegel","der","Spiegel","ayna","Der Spiegel ist sauber.","Ayna temiz.","daily, a1"
"a1","a1_0120","A1","Ev","Kühlschrank","der","Kühlschränke","buzdolabı","Der Kühlschrank ist kalt.","Buzdolabı soğuk.","daily, a1"
"a1","a1_0121","A1","Ev","Herd","der","Herde","ocak","Der Herd ist heiß.","Ocak sıcak.","daily, a1"
"a1","a1_0122","A1","Ev","Waschmaschine","die","Waschmaschinen","çamaşır makinesi","Die Waschmaschine ist kaputt.","Çamaşır makinesi bozuk.","daily, a1"
"a1","a1_0123","A1","Ev","Schlüssel","der","Schlüssel","anahtar","Wo ist mein Schlüssel?","Anahtarım nerede?","daily, a1"
"a1","a1_0124","A1","Ev","Garten","der","Gärten","bahçe","Der Garten ist schön.","Bahçe güzel.","daily, a1"
"a1","a1_0125","A1","Ev","Balkon","der","Balkone","balkon","Der Balkon ist klein.","Balkon küçük.","daily, a1"
"a1","a1_0126","A1","Ev","Keller","der","Keller","bodrum","Der Keller ist dunkel.","Bodrum karanlık.","daily, a1"
"a1","a1_0127","A1","Ev","Dach","das","Dächer","çatı","Das Dach ist neu.","Çatı yeni.","daily, a1"
"a1","a1_0128","A1","Ev","Treppenhaus","das","Treppenhäuser","merdiven boşluğu","Das Treppenhaus ist sauber.","Merdiven boşluğu temiz.","daily, a1"
"a1","a1_0129","A1","Ev","Aufzug","der","Aufzüge","asansör","Der Aufzug funktioniert nicht.","Asansör çalışmıyor.","daily, a1"
"a1","a1_0130","A1","Ev","Miete","die","Mieten","kira","Die Miete ist 500 Euro.","Kira 500 euro.","daily, a1"
"a1","a1_0131","A1","Ev","Möbel","das","Möbel","mobilya","Die Möbel sind neu.","Mobilyalar yeni.","daily, a1"
"a1","a1_0132","A1","Ev","Heizung","die","Heizungen","ısıtma","Die Heizung ist an.","Isıtma açık.","daily, a1"
"a1","a1_0133","A1","Ev","Strom","der","","elektrik","Der Strom ist teuer.","Elektrik pahalı.","daily, a1"
"a1","a1_0134","A1","Ev","sauber","","","temiz","Die Wohnung ist sauber.","Daire temiz.","adjective, daily, a1"
"a1","a1_0135","A1","Ev","schmutzig","","","kirli","Das Zimmer ist schmutzig.","Oda kirli.","adjective, daily, a1"
"a1","a1_0136","A1","Market","Supermarkt","der","Supermärkte","süpermarket","Ich gehe zum Supermarkt.","Süpermarkete gidiyorum.","shopping, a1"
"a1","a1_0137","A1","Market","Brot","das","Brote","ekmek","Ich kaufe Brot.","Ekmek alıyorum.","food, shopping, a1"
"a1","a1_0138","A1","Market","Milch","die","","süt","Die Milch kostet 1 Euro.","Süt 1 euro.","food, shopping, a1"
"a1","a1_0139","A1","Market","kosten","","","mal olmak","Was kostet das?","Bu ne kadar?","verb, shopping, a1"
"a1","a1_0140","A1","Market","kaufen","","","satın almak","Ich kaufe Obst.","Meyve alıyorum.","verb, shopping, a1"
"a1","a1_0141","A1","Market","Euro","der","Euro","euro","Das kostet fünf Euro.","Bu beş euro.","shopping, a1"
"a1","a1_0142","A1","Market","Preis","der","Preise","fiyat","Der Preis ist hoch.","Fiyat yüksek.","shopping, a1"
"a1","a1_0143","A1","Market","billig","","","ucuz","Das ist billig.","Bu ucuz.","shopping, a1"
"a1","a1_0144","A1","Market","teuer","","","pahalı","Das ist teuer.","Bu pahalı.","shopping, a1"
"a1","a1_0145","A1","Market","Obst","das","","meyve","Das Obst ist frisch.","Meyve taze.","food, shopping, a1"
"a1","a1_0146","A1","Market","Gemüse","das","","sebze","Ich kaufe Gemüse.","Sebze alıyorum.","food, shopping, a1"
"a1","a1_0147","A1","Market","Apfel","der","Äpfel","elma","Der Apfel ist rot.","Elma kırmızı.","food, shopping, a1"
"a1","a1_0148","A1","Market","Banane","die","Bananen","muz","Die Banane ist gelb.","Muz sarı.","food, shopping, a1"
"a1","a1_0149","A1","Market","Tomate","die","Tomaten","domates","Die Tomate ist reif.","Domates olgun.","food, shopping, a1"
"a1","a1_0150","A1","Market","Kartoffel","die","Kartoffeln","patates","Ich kaufe Kartoffeln.","Patates alıyorum.","food, shopping, a1"
"a1","a1_0151","A1","Market","Reis","der","","pirinç","Der Reis ist im Regal.","Pirinç rafta.","food, shopping, a1"
"a1","a1_0152","A1","Market","Nudeln","die","","makarna","Ich kaufe Nudeln.","Makarna alıyorum.","food, shopping, a1"
"a1","a1_0153","A1","Market","Fleisch","das","","et","Das Fleisch ist frisch.","Et taze.","food, shopping, a1"
"a1","a1_0154","A1","Market","Fisch","der","Fische","balık","Der Fisch ist gut.","Balık iyi.","food, shopping, a1"
"a1","a1_0155","A1","Market","Käse","der","","peynir","Der Käse ist lecker.","Peynir lezzetli.","food, shopping, a1"
"a1","a1_0156","A1","Market","Ei","das","Eier","yumurta","Ich kaufe sechs Eier.","Altı yumurta alıyorum.","food, shopping, a1"
"a1","a1_0157","A1","Market","Butter","die","","tereyağı","Die Butter ist im Kühlschrank.","Tereyağı buzdolabında.","food, shopping, a1"
"a1","a1_0158","A1","Market","Zucker","der","","şeker","Der Zucker ist süß.","Şeker tatlı.","food, shopping, a1"
"a1","a1_0159","A1","Market","Salz","das","","tuz","Das Salz ist auf dem Tisch.","Tuz masada.","food, shopping, a1"
"a1","a1_0160","A1","Market","Öl","das","Öle","yağ","Das Öl ist im Regal.","Yağ rafta.","food, shopping, a1"
"a1","a1_0161","A1","Market","Wasser","das","","su","Ich kaufe Wasser.","Su alıyorum.","food, shopping, a1"
"a1","a1_0162","A1","Market","Saft","der","Säfte","meyve suyu","Der Saft ist kalt.","Meyve suyu soğuk.","food, shopping, a1"
"a1","a1_0163","A1","Market","Kaffee","der","","kahve","Der Kaffee ist heiß.","Kahve sıcak.","food, shopping, a1"
"a1","a1_0164","A1","Market","Tee","der","Tees","çay","Ich trinke Tee.","Çay içiyorum.","food, shopping, a1"
"a1","a1_0165","A1","Market","Tüte","die","Tüten","poşet","Ich brauche eine Tüte.","Poşete ihtiyacım var.","shopping, a1"
"a1","a1_0166","A1","Market","Kasse","die","Kassen","kasa","Wo ist die Kasse?","Kasa nerede?","shopping, a1"
"a1","a1_0167","A1","Market","Schlange","die","Schlangen","sıra","Ich stehe in der Schlange.","Sırada bekliyorum.","shopping, a1"
"a1","a1_0168","A1","Market","Angebot","das","Angebote","indirim/kampanya","Das ist ein Angebot.","Bu bir kampanya.","shopping, a1"
"a1","a1_0169","A1","Market","bezahlen","","","ödemek","Ich bezahle bar.","Nakit ödüyorum.","verb, shopping, a1"
"a1","a1_0170","A1","İş","Arbeit","die","Arbeiten","iş","Ich gehe zur Arbeit.","İşe gidiyorum.","work, a1"
"a1","a1_0171","A1","İş","Kollege","der","Kollegen","iş arkadaşı","Mein Kollege ist freundlich.","İş arkadaşım dost.","work, a1"
"a1","a1_0172","A1","İş","arbeiten","","","çalışmak","Ich arbeite im Lager.","Depoda çalışıyorum.","verb, work, a1"
"a1","a1_0173","A1","İş","Lager","das","Lager","depo","Ich arbeite in einem Lager.","Depoda çalışıyorum.","work, logistics, a1"
"a1","a1_0174","A1","İş","Chef","der","Chefs","patron/şef","Mein Chef ist streng.","Patronum katı.","work, a1"
"a1","a1_0175","A1","İş","Firma","die","Firmen","firma","Die Firma ist groß.","Firma büyük.","work, a1"
"a1","a1_0176","A1","İş","Büro","das","Büros","ofis","Das Büro ist im dritten Stock.","Ofis üçüncü katta.","work, a1"
"a1","a1_0177","A1","İş","Schicht","die","Schichten","vardiya","Meine Schicht beginnt um sechs.","Vardiyam altıda başlıyor.","work, logistics, a1"
"a1","a1_0178","A1","İş","Pause","die","Pausen","mola","Ich mache Pause.","Mola veriyorum.","work, a1"
"a1","a1_0179","A1","İş","Gehalt","das","Gehälter","maaş","Mein Gehalt ist 2000 Euro.","Maaşım 2000 euro.","work, a1"
"a1","a1_0180","A1","İş","Vertrag","der","Verträge","sözleşme","Ich unterschreibe den Vertrag.","Sözleşmeyi imzalıyorum.","work, a1"
"a1","a1_0181","A1","İş","Bewerbung","die","Bewerbungen","iş başvurusu","Ich schreibe eine Bewerbung.","İş başvurusu yazıyorum.","work, a1"
"a1","a1_0182","A1","İş","Lebenslauf","der","Lebensläufe","CV","Mein Lebenslauf ist fertig.","CV'm hazır.","work, a1"
"a1","a1_0183","A1","İş","Termin","der","Termine","randevu","Ich habe einen Termin.","Randevum var.","work, a1"
"a1","a1_0184","A1","İş","Besprechung","die","Besprechungen","toplantı","Die Besprechung ist um zehn.","Toplantı onda.","work, a1"
"a1","a1_0185","A1","İş","Aufgabe","die","Aufgaben","görev","Meine Aufgabe ist einfach.","Görevim basit.","work, a1"
"a1","a1_0186","A1","İş","Projekt","das","Projekte","proje","Das Projekt ist wichtig.","Proje önemli.","work, a1"
"a1","a1_0187","A1","İş","Gruppe","die","Gruppen","ekip/grup","Unsere Gruppe ist gut.","Grubumuz iyi.","work, a1"
"a1","a1_0188","A1","İş","Kunde","der","Kunden","müşteri","Der Kunde wartet.","Müşteri bekliyor.","work, a1"
"a1","a1_0189","A1","İş","Paket","das","Pakete","paket","Das Paket ist schwer.","Paket ağır.","work, logistics, a1"
"a1","a1_0190","A1","İş","Karton","der","Kartons","karton","Der Karton ist groß.","Karton büyük.","work, logistics, a1"
"a1","a1_0191","A1","İş","Palette","die","Paletten","palet","Die Palette steht dort.","Palet orada duruyor.","work, logistics, a1"
"a1","a1_0192","A1","İş","Stapler","der","Stapler","forklift","Der Stapler fährt langsam.","Forklift yavaş gidiyor.","work, logistics, a1"
"a1","a1_0193","A1","İş","Regal","das","Regale","raf","Das Regal ist voll.","Raf dolu.","work, logistics, a1"
"a1","a1_0194","A1","İş","Bestellung","die","Bestellungen","sipariş","Die Bestellung ist fertig.","Sipariş hazır.","work, logistics, a1"
"a1","a1_0195","A1","İş","Lieferung","die","Lieferungen","teslimat","Die Lieferung kommt morgen.","Teslimat yarın geliyor.","work, logistics, a1"
"a1","a1_0196","A1","İş","Uniform","die","Uniformen","üniforma","Die Uniform ist blau.","Üniforma mavi.","work, a1"
"a1","a1_0197","A1","İş","Helm","der","Helme","kask","Der Helm ist Pflicht.","Kask zorunlu.","work, safety, a1"
"a1","a1_0198","A1","İş","Sicherheit","die","","güvenlik","Sicherheit ist wichtig.","Güvenlik önemli.","work, safety, a1"
"a1","a1_0199","A1","İş","Feierabend","der","","iş çıkışı","Ich mache Feierabend.","İşten çıkıyorum.","work, a1"
"a1","a1_0200","A1","İş","Überstunden","die","","fazla mesai","Ich mache Überstunden.","Fazla mesai yapıyorum.","work, a1"
"a1","a1_0201","A1","İş","Urlaub","der","Urlaube","izin/tatil","Ich habe Urlaub.","İznim var.","work, a1"
"a1","a1_0202","A1","İş","krank","","","hasta","Ich bin krank.","Hastayım.","work, a1"
"a1","a1_0203","A1","İş","anfangen","","","başlamak","Ich fange um acht an.","Sekizde başlıyorum.","verb, work, a1"
"a1","a1_0204","A1","İş","aufhören","","","bitirmek/durdurmak","Ich höre um fünf auf.","Beşte bitiriyorum.","verb, work, a1"
"a1","a1_0205","A1","Ulaşım","Bus","der","Busse","otobüs","Der Bus kommt um acht.","Otobüs sekizde geliyor.","transport, a1"
"a1","a1_0206","A1","Ulaşım","Bahnhof","der","Bahnhöfe","tren istasyonu","Wo ist der Bahnhof?","Tren istasyonu nerede?","transport, a1"
"a1","a1_0207","A1","Ulaşım","Fahrkarte","die","Fahrkarten","bilet","Ich brauche eine Fahrkarte.","Bilete ihtiyacım var.","transport, a1"
"a1","a1_0208","A1","Ulaşım","Zug","der","Züge","tren","Der Zug fährt um neun.","Tren dokuzda kalkıyor.","transport, a1"
"a1","a1_0209","A1","Ulaşım","S-Bahn","die","S-Bahnen","banliyö treni","Die S-Bahn ist schnell.","Banliyö treni hızlı.","transport, a1"
"a1","a1_0210","A1","Ulaşım","U-Bahn","die","U-Bahnen","metro","Die U-Bahn ist voll.","Metro dolu.","transport, a1"
"a1","a1_0211","A1","Ulaşım","Straßenbahn","die","Straßenbahnen","tramvay","Die Straßenbahn kommt gleich.","Tramvay hemen geliyor.","transport, a1"
"a1","a1_0212","A1","Ulaşım","Taxi","das","Taxis","taksi","Ich nehme ein Taxi.","Taksi alıyorum.","transport, a1"
"a1","a1_0213","A1","Ulaşım","Auto","das","Autos","araba","Das Auto ist neu.","Araba yeni.","transport, a1"
"a1","a1_0214","A1","Ulaşım","Fahrrad","das","Fahrräder","bisiklet","Mein Fahrrad ist rot.","Bisikletim kırmızı.","transport, a1"
"a1","a1_0215","A1","Ulaşım","Flugzeug","das","Flugzeuge","uçak","Das Flugzeug startet.","Uçak kalkıyor.","transport, a1"
"a1","a1_0216","A1","Ulaşım","Flughafen","der","Flughäfen","havalimanı","Der Flughafen ist weit.","Havalimanı uzak.","transport, a1"
"a1","a1_0217","A1","Ulaşım","Haltestelle","die","Haltestellen","durak","Die Haltestelle ist dort.","Durak orada.","transport, a1"
"a1","a1_0218","A1","Ulaşım","Gleis","das","Gleise","peron/ray","Das Gleis ist drei.","Peron üç.","transport, a1"
"a1","a1_0219","A1","Ulaşım","Fahrplan","der","Fahrpläne","tarife","Wo ist der Fahrplan?","Tarife nerede?","transport, a1"
"a1","a1_0220","A1","Ulaşım","Verspätung","die","Verspätungen","gecikme","Der Zug hat Verspätung.","Tren gecikmeli.","transport, a1"
"a1","a1_0221","A1","Ulaşım","fahren","","","gitmek (araç)","Ich fahre mit dem Bus.","Otobüsle gidiyorum.","verb, transport, a1"
"a1","a1_0222","A1","Ulaşım","abfahren","","","kalkmak","Der Bus fährt ab.","Otobüs kalkıyor.","verb, transport, a1"
"a1","a1_0223","A1","Ulaşım","ankommen","","","varmak","Ich komme um zehn an.","On varıyorum.","verb, transport, a1"
"a1","a1_0224","A1","Ulaşım","einsteigen","","","binmek","Ich steige in den Bus ein.","Otobüse biniyorum.","verb, transport, a1"
"a1","a1_0225","A1","Ulaşım","aussteigen","","","inmek","Ich steige hier aus.","Burada iniyorum.","verb, transport, a1"
"a1","a1_0226","A1","Ulaşım","umsteigen","","","aktarma yapmak","Ich muss umsteigen.","Aktarma yapmam lazım.","verb, transport, a1"
"a1","a1_0227","A1","Ulaşım","Straße","die","Straßen","sokak/cadde","Die Straße ist lang.","Cadde uzun.","transport, a1"
"a1","a1_0228","A1","Ulaşım","Ampel","die","Ampeln","trafik lambası","Die Ampel ist rot.","Trafik lambası kırmızı.","transport, a1"
"a1","a1_0229","A1","Ulaşım","Kreuzung","die","Kreuzungen","kavşak","An der Kreuzung links.","Kavşakta sola.","transport, a1"
"a1","a1_0230","A1","Ulaşım","Brücke","die","Brücken","köprü","Die Brücke ist alt.","Köprü eski.","transport, a1"
"a1","a1_0231","A1","Ulaşım","Parkplatz","der","Parkplätze","park yeri","Wo ist der Parkplatz?","Park yeri nerede?","transport, a1"
"a1","a1_0232","A1","Ulaşım","Tankstelle","die","Tankstellen","benzin istasyonu","Die Tankstelle ist dort.","Benzin istasyonu orada.","transport, a1"
"a1","a1_0233","A1","Ulaşım","Benzin","das","","benzin","Das Benzin ist teuer.","Benzin pahalı.","transport, a1"
"a1","a1_0234","A1","Ulaşım","Führerschein","der","Führerscheine","ehliyet","Mein Führerschein ist gültig.","Ehliyetim geçerli.","transport, a1"
"a1","a1_0235","A1","Ulaşım","Ticket","das","Tickets","bilet","Ich kaufe ein Ticket.","Bilet alıyorum.","transport, a1"
"a1","a1_0236","A1","Ulaşım","Monatskarte","die","Monatskarten","aylık bilet","Die Monatskarte kostet 80 Euro.","Aylık bilet 80 euro.","transport, a1"
"a1","a1_0237","A1","Ulaşım","Fuß","der","Füße","ayak","Ich gehe zu Fuß.","Yürüyerek gidiyorum.","transport, a1"
"a1","a1_0238","A1","Ulaşım","Entfernung","die","Entfernungen","mesafe","Die Entfernung ist kurz.","Mesafe kısa.","transport, a1"
"a1","a1_0239","A1","Saat","Uhr","die","Uhren","saat","Wie spät ist es?","Saat kaç?","time, a1"
"a1","a1_0240","A1","Saat","heute","","","bugün","Heute habe ich frei.","Bugün izinliyim.","time, a1"
"a1","a1_0241","A1","Saat","morgen","","","yarın","Morgen gehe ich zum Arzt.","Yarın doktora gidiyorum.","time, a1"
"a1","a1_0242","A1","Saat","gestern","","","dün","Gestern war ich krank.","Dün hastaydım.","time, a1"
"a1","a1_0243","A1","Saat","jetzt","","","şimdi","Ich gehe jetzt.","Şimdi gidiyorum.","time, a1"
"a1","a1_0244","A1","Saat","später","","","sonra","Ich komme später.","Sonra geliyorum.","time, a1"
"a1","a1_0245","A1","Saat","früh","","","erken","Ich stehe früh auf.","Erken kalkıyorum.","time, a1"
"a1","a1_0246","A1","Saat","spät","","","geç","Es ist zu spät.","Çok geç.","time, a1"
"a1","a1_0247","A1","Saat","Stunde","die","Stunden","saat (süre)","Eine Stunde hat 60 Minuten.","Bir saat 60 dakika.","time, a1"
"a1","a1_0248","A1","Saat","Minute","die","Minuten","dakika","Fünf Minuten, bitte.","Beş dakika lütfen.","time, a1"
"a1","a1_0249","A1","Saat","Sekunde","die","Sekunden","saniye","Eine Sekunde!","Bir saniye!","time, a1"
"a1","a1_0250","A1","Saat","Viertel","das","Viertel","çeyrek","Es ist Viertel nach drei.","Saat üçü çeyrek geçiyor.","time, a1"
"a1","a1_0251","A1","Saat","Halb","","","buçuk","Es ist halb acht.","Saat yedi buçuk.","time, a1"
"a1","a1_0252","A1","Saat","punkt","","","tam (saat)","Um acht Uhr punkt.","Tam saat sekizde.","time, a1"
"a1","a1_0253","A1","Saat","Wie spät","","","saat kaç","Wie spät ist es?","Saat kaç?","time, a1"
"a1","a1_0254","A1","Saat","Wann","","","ne zaman","Wann kommst du?","Ne zaman geliyorsun?","time, a1"
"a1","a1_0255","A1","Saat","immer","","","her zaman","Ich bin immer pünktlich.","Her zaman dakikim.","time, a1"
"a1","a1_0256","A1","Saat","manchmal","","","bazen","Ich komme manchmal spät.","Bazen geç geliyorum.","time, a1"
"a1","a1_0257","A1","Saat","nie","","","asla","Ich komme nie zu spät.","Asla geç kalmam.","time, a1"
"a1","a1_0258","A1","Saat","oft","","","sık sık","Ich arbeite oft am Wochenende.","Sık sık hafta sonu çalışırım.","time, a1"
"a1","a1_0259","A1","Saat","selten","","","nadiren","Ich bin selten krank.","Nadiren hastayım.","time, a1"
"a1","a1_0260","A1","Saat","pünktlich","","","dakik","Sei pünktlich!","Dakik ol!","time, a1"
"a1","a1_0261","A1","Saat","Zeit","die","Zeiten","zaman","Ich habe keine Zeit.","Vaktim yok.","time, a1"
"a1","a1_0262","A1","Saat","Arbeitszeit","die","Arbeitszeiten","çalışma saati","Meine Arbeitszeit ist acht Stunden.","Çalışma saatim sekiz.","time, a1"
"a1","a1_0263","A1","Saat","Feierabend","der","","iş bitimi","Um fünf ist Feierabend.","Beşte iş bitiyor.","time, a1"
"a1","a1_0264","A1","Saat","Nacht","die","Nächte","gece","In der Nacht schlafe ich.","Gece uyurum.","time, a1"
"a1","a1_0265","A1","Saat","Mittag","der","Mittage","öğle","Am Mittag esse ich.","Öğle yemek yerim.","time, a1"
"a1","a1_0266","A1","Saat","Nachmittag","der","Nachmittage","öğleden sonra","Am Nachmittag arbeite ich.","Öğleden sonra çalışırım.","time, a1"
"a1","a1_0267","A1","Saat","Vormittag","der","Vormittage","sabah (öğleden önce)","Am Vormittag lerne ich.","Sabah öğrenirim.","time, a1"
"a1","a1_0268","A1","Saat","Wochenende","das","Wochenenden","hafta sonu","Am Wochenende ruhe ich.","Hafta sonu dinlenirim.","time, a1"
"a1","a1_0269","A1","Saat","Wochentag","der","Wochentage","hafta içi günü","Montag ist ein Wochentag.","Pazartesi hafta içi.","time, a1"
"a1","a1_0270","A1","Saat","Uhrzeit","die","Uhrzeiten","saat (zaman)","Die Uhrzeit ist wichtig.","Saat önemli.","time, a1"
"a1","a1_0271","A1","Saat","schon","","","zaten/çoktan","Es ist schon spät.","Zaten geç oldu.","time, a1"
"a1","a1_0272","A1","Saat","noch","","","henüz/daha","Ich habe noch Zeit.","Daha vaktim var.","time, a1"
"a1","a1_0273","A1","Tarih","Montag","der","Montage","pazartesi","Am Montag arbeite ich.","Pazartesi çalışırım.","date, a1"
"a1","a1_0274","A1","Tarih","Dienstag","der","Dienstage","salı","Am Dienstag habe ich Kurs.","Salı kursum var.","date, a1"
"a1","a1_0275","A1","Tarih","Mittwoch","der","Mittwoche","çarşamba","Am Mittwoch ist Markt.","Çarşamba pazar var.","date, a1"
"a1","a1_0276","A1","Tarih","Donnerstag","der","Donnerstage","perşembe","Am Donnerstag gehe ich zum Arzt.","Perşembe doktora giderim.","date, a1"
"a1","a1_0277","A1","Tarih","Freitag","der","Freitage","cuma","Am Freitag mache ich Feierabend früh.","Cuma erken çıkarım.","date, a1"
"a1","a1_0278","A1","Tarih","Samstag","der","Samstage","cumartesi","Am Samstag schlafe ich lang.","Cumartesi geç uyurum.","date, a1"
"a1","a1_0279","A1","Tarih","Sonntag","der","Sonntage","pazar","Am Sonntag ruhe ich.","Pazar dinlenirim.","date, a1"
"a1","a1_0280","A1","Tarih","Jahr","das","Jahre","yıl","Ich bin 25 Jahre alt.","25 yaşındayım.","date, a1"
"a1","a1_0281","A1","Tarih","Geburtstag","der","Geburtstage","doğum günü","Mein Geburtstag ist im Mai.","Doğum günüm Mayıs'ta.","date, a1"
"a1","a1_0282","A1","Tarih","Monat","der","Monate","ay","Der Monat ist März.","Ay Mart.","date, a1"
"a1","a1_0283","A1","Tarih","Januar","der","","ocak","Im Januar ist es kalt.","Ocak soğuk.","date, a1"
"a1","a1_0284","A1","Tarih","Februar","der","","şubat","Der Februar ist kurz.","Şubat kısa.","date, a1"
"a1","a1_0285","A1","Tarih","März","der","","mart","Im März beginnt der Frühling.","Mart'ta bahar başlar.","date, a1"
"a1","a1_0286","A1","Tarih","April","der","","nisan","Im April regnet es.","Nisan yağmurlu.","date, a1"
"a1","a1_0287","A1","Tarih","Mai","der","","mayıs","Im Mai blühen Blumen.","Mayıs'ta çiçekler açar.","date, a1"
"a1","a1_0288","A1","Tarih","Juni","der","","haziran","Im Juni ist es warm.","Haziran sıcak.","date, a1"
"a1","a1_0289","A1","Tarih","Juli","der","","temmuz","Im Juli fahre ich in Urlaub.","Temmuz tatil.","date, a1"
"a1","a1_0290","A1","Tarih","August","der","","ağustos","Im August ist es heiß.","Ağustos sıcak.","date, a1"
"a1","a1_0291","A1","Tarih","September","der","","eylül","Im September beginnt die Schule.","Eylül okul başlar.","date, a1"
"a1","a1_0292","A1","Tarih","Oktober","der","","ekim","Im Oktober ist es kühl.","Ekim serin.","date, a1"
"a1","a1_0293","A1","Tarih","November","der","","kasım","Im November regnet es viel.","Kasım çok yağmurlu.","date, a1"
"a1","a1_0294","A1","Tarih","Dezember","der","","aralık","Im Dezember ist Weihnachten.","Aralık'ta Noel var.","date, a1"
"a1","a1_0295","A1","Tarih","Frühling","der","","ilkbahar","Im Frühling ist es schön.","İlkbahar güzel.","date, a1"
"a1","a1_0296","A1","Tarih","Sommer","der","","yaz","Im Sommer ist es heiß.","Yaz sıcak.","date, a1"
"a1","a1_0297","A1","Tarih","Herbst","der","","sonbahar","Im Herbst fallen Blätter.","Sonbahar yapraklar düşer.","date, a1"
"a1","a1_0298","A1","Tarih","Winter","der","","kış","Im Winter schneit es.","Kış kar yağar.","date, a1"
"a1","a1_0299","A1","Tarih","Woche","die","Wochen","hafta","Nächste Woche habe ich Prüfung.","Gelecek hafta sınavım var.","date, a1"
"a1","a1_0300","A1","Tarih","Tag","der","Tage","gün","Heute ist ein guter Tag.","Bugün iyi bir gün.","date, a1"
"a1","a1_0301","A1","Tarih","Kalender","der","Kalender","takvim","Der Kalender hängt an der Wand.","Takvim duvarda.","date, a1"
"a1","a1_0302","A1","Tarih","Feiertag","der","Feiertage","resmi tatil","Morgen ist Feiertag.","Yarın resmi tatil.","date, a1"
"a1","a1_0303","A1","Tarih","Weihnachten","","","Noel","Weihnachten ist im Dezember.","Noel Aralık'ta.","date, a1"
"a1","a1_0304","A1","Tarih","Ostern","","","Paskalya","Ostern ist im Frühling.","Paskalya ilkbaharda.","date, a1"
"a1","a1_0305","A1","Tarih","Silvester","der","","yılbaşı gecesi","An Silvester feiern wir.","Yılbaşı gecesi kutlarız.","date, a1"
"a1","a1_0306","A1","Doktor","Arzt","der","Ärzte","doktor","Ich gehe zum Arzt.","Doktora gidiyorum.","health, a1"
"a1","a1_0307","A1","Doktor","Krankheit","die","Krankheiten","hastalık","Ich habe eine Krankheit.","Hastalığım var.","health, a1"
"a1","a1_0308","A1","Doktor","Schmerzen","die","","ağrı","Ich habe Schmerzen.","Ağrım var.","health, a1"
"a1","a1_0309","A1","Doktor","Krankenhaus","das","Krankenhäuser","hastane","Das Krankenhaus ist groß.","Hastane büyük.","health, a1"
"a1","a1_0310","A1","Doktor","Apotheke","die","Apotheken","eczane","Die Apotheke ist offen.","Eczane açık.","health, a1"
"a1","a1_0311","A1","Doktor","Medikament","das","Medikamente","ilaç","Ich brauche Medikamente.","İlaç lazım.","health, a1"
"a1","a1_0312","A1","Doktor","Rezept","das","Rezepte","reçete","Der Arzt schreibt ein Rezept.","Doktor reçete yazıyor.","health, a1"
"a1","a1_0313","A1","Doktor","Termin","der","Termine","randevu","Ich habe einen Termin beim Arzt.","Doktor randevum var.","health, a1"
"a1","a1_0314","A1","Doktor","Notfall","der","Notfälle","acil durum","Das ist ein Notfall!","Bu acil!","health, a1"
"a1","a1_0315","A1","Doktor","Kopfschmerzen","die","","baş ağrısı","Ich habe Kopfschmerzen.","Başım ağrıyor.","health, a1"
"a1","a1_0316","A1","Doktor","Bauchschmerzen","die","","karın ağrısı","Ich habe Bauchschmerzen.","Karnım ağrıyor.","health, a1"
"a1","a1_0317","A1","Doktor","Fieber","das","","ateş","Ich habe Fieber.","Ateşim var.","health, a1"
"a1","a1_0318","A1","Doktor","Husten","der","","öksürük","Ich habe Husten.","Öksürüyorum.","health, a1"
"a1","a1_0319","A1","Doktor","Schnupfen","der","","nezle","Ich habe Schnupfen.","Nezleyim.","health, a1"
"a1","a1_0320","A1","Doktor","Allergie","die","Allergien","alerji","Ich habe eine Allergie.","Alerjim var.","health, a1"
"a1","a1_0321","A1","Doktor","Impfung","die","Impfungen","aşı","Ich brauche eine Impfung.","Aşı lazım.","health, a1"
"a1","a1_0322","A1","Doktor","Blut","das","","kan","Das Blut ist rot.","Kan kırmızı.","health, a1"
"a1","a1_0323","A1","Doktor","Herz","das","Herzen","kalp","Mein Herz schlägt schnell.","Kalbim hızlı atıyor.","health, a1"
"a1","a1_0324","A1","Doktor","Rücken","der","Rücken","sırt","Mein Rücken tut weh.","Sırtım ağrıyor.","health, a1"
"a1","a1_0325","A1","Doktor","Kopf","der","Köpfe","kafa/baş","Mein Kopf tut weh.","Başım ağrıyor.","health, a1"
"a1","a1_0326","A1","Doktor","Hand","die","Hände","el","Meine Hand ist verletzt.","Elim yaralandı.","health, a1"
"a1","a1_0327","A1","Doktor","Fuß","der","Füße","ayak","Mein Fuß tut weh.","Ayağım ağrıyor.","health, a1"
"a1","a1_0328","A1","Doktor","Auge","das","Augen","göz","Mein Auge ist rot.","Gözüm kırmızı.","health, a1"
"a1","a1_0329","A1","Doktor","Zahn","der","Zähne","diş","Mein Zahn tut weh.","Dişim ağrıyor.","health, a1"
"a1","a1_0330","A1","Doktor","Zahnarzt","der","Zahnärzte","diş hekimi","Ich gehe zum Zahnarzt.","Diş hekimine gidiyorum.","health, a1"
"a1","a1_0331","A1","Doktor","Krankenversicherung","die","Krankenversicherungen","sağlık sigortası","Ich habe eine Krankenversicherung.","Sağlık sigortam var.","health, a1"
"a1","a1_0332","A1","Doktor","Krankmeldung","die","Krankmeldungen","rapor","Ich brauche eine Krankmeldung.","Rapor lazım.","health, a1"
"a1","a1_0333","A1","Doktor","gesund","","","sağlıklı","Ich bin gesund.","Sağlıklıyım.","health, a1"
"a1","a1_0334","A1","Doktor","krank","","","hasta","Ich bin krank.","Hastayım.","health, a1"
"a1","a1_0335","A1","Doktor","müde","","","yorgun","Ich bin müde.","Yorgunum.","health, a1"
"a1","a1_0336","A1","Doktor","schwach","","","zayıf/güçsüz","Ich fühle mich schwach.","Güçsüz hissediyorum.","health, a1"
"a1","a1_0337","A1","Doktor","besser","","","daha iyi","Es geht mir besser.","Daha iyiyim.","health, a1"
"a1","a1_0338","A1","Doktor","schlecht","","","kötü","Mir geht es schlecht.","Kendimi kötü hissediyorum.","health, a1"
"a1","a1_0339","A1","Doktor","Hilfe","die","","yardım","Ich brauche Hilfe!","Yardım lazım!","health, a1"
"a1","a1_0340","A1","Restoran","Speisekarte","die","Speisekarten","menü","Die Speisekarte, bitte.","Menü lütfen.","restaurant, a1"
"a1","a1_0341","A1","Restoran","Wasser","das","","su","Ein Wasser, bitte.","Bir su lütfen.","restaurant, a1"
"a1","a1_0342","A1","Restoran","bestellen","","","sipariş vermek","Ich möchte bestellen.","Sipariş vermek istiyorum.","verb, restaurant, a1"
"a1","a1_0343","A1","Restoran","Restaurant","das","Restaurants","restoran","Das Restaurant ist voll.","Restoran dolu.","restaurant, a1"
"a1","a1_0344","A1","Restoran","Café","das","Cafés","kafe","Das Café ist gemütlich.","Kafe rahat.","restaurant, a1"
"a1","a1_0345","A1","Restoran","Kellner","der","Kellner","garson (erkek)","Der Kellner kommt.","Garson geliyor.","restaurant, a1"
"a1","a1_0346","A1","Restoran","Kellnerin","die","Kellnerinnen","garson (kadın)","Die Kellnerin ist nett.","Garson kız nazik.","restaurant, a1"
"a1","a1_0347","A1","Restoran","Tisch","der","Tische","masa","Ein Tisch für zwei, bitte.","İki kişilik masa lütfen.","restaurant, a1"
"a1","a1_0348","A1","Restoran","Reservierung","die","Reservierungen","rezervasyon","Ich habe eine Reservierung.","Rezervasyonum var.","restaurant, a1"
"a1","a1_0349","A1","Restoran","Frühstück","das","Frühstücke","kahvaltı","Das Frühstück ist gut.","Kahvaltı iyi.","restaurant, food, a1"
"a1","a1_0350","A1","Restoran","Mittagessen","das","Mittagessen","öğle yemeği","Das Mittagessen ist um zwölf.","Öğle yemeği on iki.","restaurant, food, a1"
"a1","a1_0351","A1","Restoran","Abendessen","das","Abendessen","akşam yemeği","Das Abendessen ist um sieben.","Akşam yemeği yedi.","restaurant, food, a1"
"a1","a1_0352","A1","Restoran","Suppe","die","Suppen","çorba","Die Suppe ist heiß.","Çorba sıcak.","food, restaurant, a1"
"a1","a1_0353","A1","Restoran","Salat","der","Salate","salata","Der Salat ist frisch.","Salata taze.","food, restaurant, a1"
"a1","a1_0354","A1","Restoran","Pizza","die","Pizzen","pizza","Die Pizza ist lecker.","Pizza lezzetli.","food, restaurant, a1"
"a1","a1_0355","A1","Restoran","Schnitzel","das","Schnitzel","schnitzel","Das Schnitzel ist groß.","Schnitzel büyük.","food, restaurant, a1"
"a1","a1_0356","A1","Restoran","Wurst","die","Würste","sosis","Die Wurst ist gut.","Sosis iyi.","food, restaurant, a1"
"a1","a1_0357","A1","Restoran","Kartoffel","die","Kartoffeln","patates","Die Kartoffeln sind heiß.","Patatesler sıcak.","food, restaurant, a1"
"a1","a1_0358","A1","Restoran","Rechnung","die","Rechnungen","hesap/fatura","Die Rechnung, bitte.","Hesap lütfen.","restaurant, a1"
"a1","a1_0359","A1","Restoran","Trinkgeld","das","Trinkgelder","bahşiş","Ich gebe Trinkgeld.","Bahşiş veriyorum.","restaurant, a1"
"a1","a1_0360","A1","Restoran","hungrig","","","aç","Ich bin hungrig.","Açım.","restaurant, a1"
"a1","a1_0361","A1","Restoran","satt","","","tok","Ich bin satt.","Tokum.","restaurant, a1"
"a1","a1_0362","A1","Restoran","durstig","","","susuz","Ich bin durstig.","Susadım.","restaurant, a1"
"a1","a1_0363","A1","Restoran","lecker","","","lezzetli","Das Essen ist lecker.","Yemek lezzetli.","restaurant, a1"
"a1","a1_0364","A1","Restoran","Essen","das","","yemek","Das Essen ist fertig.","Yemek hazır.","food, restaurant, a1"
"a1","a1_0365","A1","Restoran","Trinken","das","","içecek","Zum Trinken bestelle ich Saft.","İçecek olarak meyve suyu.","restaurant, a1"
"a1","a1_0366","A1","Restoran","vegetarisch","","","vejetaryen","Ist das vegetarisch?","Bu vejetaryen mi?","restaurant, a1"
"a1","a1_0367","A1","Restoran","Allergie","die","Allergien","alerji","Ich habe eine Nussallergie.","Fındık alerjim var.","restaurant, a1"
"a1","a1_0368","A1","Restoran","ohne","","","sizsiz/olmadan","Ohne Zwiebeln, bitte.","Soğansız lütfen.","restaurant, a1"
"a1","a1_0369","A1","Restoran","mit","","","ile","Mit Käse, bitte.","Peynirli lütfen.","restaurant, a1"
"a1","a1_0370","A1","Restoran","noch","","","bir daha/daha","Noch ein Brot, bitte.","Bir ekmek daha lütfen.","restaurant, a1"
"a1","a1_0371","A1","Restoran","fertig","","","hazır","Das Essen ist fertig.","Yemek hazır.","restaurant, a1"
"a1","a1_0372","A1","Restoran","warm","","","sıcak","Das Essen ist warm.","Yemek sıcak.","restaurant, a1"
"a1","a1_0373","A1","Restoran","kalt","","","soğuk","Das Wasser ist kalt.","Su soğuk.","restaurant, a1"
"a1","a1_0374","A1","Telefon","Telefon","das","Telefone","telefon","Mein Telefon klingelt.","Telefonum çalıyor.","phone, a1"
"a1","a1_0375","A1","Telefon","anrufen","","","aramak","Ich rufe dich an.","Seni arıyorum.","verb, phone, a1"
"a1","a1_0376","A1","Telefon","Nachricht","die","Nachrichten","mesaj","Ich schreibe eine Nachricht.","Mesaj yazıyorum.","phone, a1"
"a1","a1_0377","A1","Telefon","Handy","das","Handys","cep telefonu","Mein Handy ist neu.","Cep telefonum yeni.","phone, a1"
"a1","a1_0378","A1","Telefon","Nummer","die","Nummern","numara","Wie ist deine Nummer?","Numaran ne?","phone, a1"
"a1","a1_0379","A1","Telefon","Anruf","der","Anrufe","arama","Ich bekomme einen Anruf.","Arama alıyorum.","phone, a1"
"a1","a1_0380","A1","Telefon","Anrufbeantworter","der","Anrufbeantworter","telesekreter","Hinterlassen Sie eine Nachricht.","Mesaj bırakın.","phone, a1"
"a1","a1_0381","A1","Telefon","besetzt","","","meşgul","Die Leitung ist besetzt.","Hat meşgul.","phone, a1"
"a1","a1_0382","A1","Telefon","SMS","die","SMS","SMS","Ich schicke eine SMS.","SMS gönderiyorum.","phone, a1"
"a1","a1_0383","A1","Telefon","Kurznachricht","die","Kurznachrichten","kısa mesaj","Ich schreibe eine Kurznachricht.","Kısa mesaj yazıyorum.","phone, a1"
"a1","a1_0384","A1","Telefon","Internet","das","","internet","Das Internet ist langsam.","İnternet yavaş.","phone, a1"
"a1","a1_0385","A1","Telefon","WLAN","das","","wifi","Das WLAN ist kostenlos.","WiFi ücretsiz.","phone, a1"
"a1","a1_0386","A1","Telefon","Passwort","das","Passwörter","şifre","Das Passwort ist geheim.","Şifre gizli.","phone, a1"
"a1","a1_0387","A1","Telefon","E-Mail","die","E-Mails","e-posta","Ich schicke eine E-Mail.","E-posta gönderiyorum.","phone, a1"
"a1","a1_0388","A1","Telefon","schicken","","","göndermek","Ich schicke dir eine Nachricht.","Sana mesaj gönderiyorum.","verb, phone, a1"
"a1","a1_0389","A1","Telefon","empfangen","","","almak","Ich empfange eine Nachricht.","Mesaj alıyorum.","verb, phone, a1"
"a1","a1_0390","A1","Telefon","antworten","","","cevaplamak","Ich antworte schnell.","Hızlı cevaplıyorum.","verb, phone, a1"
"a1","a1_0391","A1","Telefon","sprechen","","","konuşmak","Kann ich bitte sprechen?","Konuşabilir miyim?","verb, phone, a1"
"a1","a1_0392","A1","Telefon","auflegen","","","telefonu kapatmak","Ich lege auf.","Telefonu kapatıyorum.","verb, phone, a1"
"a1","a1_0393","A1","Telefon","Warten","","","beklemek","Bitte warten Sie.","Lütfen bekleyin.","phone, a1"
"a1","a1_0394","A1","Telefon","Verbindung","die","Verbindungen","bağlantı","Die Verbindung ist schlecht.","Bağlantı kötü.","phone, a1"
"a1","a1_0395","A1","Telefon","Kontakt","der","Kontakte","kişi/iletişim","Ich speichere den Kontakt.","Kişiyi kaydediyorum.","phone, a1"
"a1","a1_0396","A1","Telefon","Foto","das","Fotos","fotoğraf","Ich schicke ein Foto.","Fotoğraf gönderiyorum.","phone, a1"
"a1","a1_0397","A1","Telefon","Video","das","Videos","video","Wir machen ein Video.","Video yapıyoruz.","phone, a1"
"a1","a1_0398","A1","Telefon","Anrufliste","die","Anruflisten","arama listesi","Die Anrufliste ist lang.","Arama listesi uzun.","phone, a1"
"a1","a1_0399","A1","Telefon","laut","","","yüksek sesli","Das Telefon ist laut.","Telefon yüksek.","phone, a1"
"a1","a1_0400","A1","Telefon","leise","","","sessiz/alçak","Bitte leise sprechen.","Alçak konuşun lütfen.","phone, a1"
"a1","a1_0401","A1","Telefon","stumm","","","sessiz mod","Mein Handy ist stumm.","Telefonum sessizde.","phone, a1"
"a1","a1_0402","A1","Telefon","Akku","der","Akkus","pil/şarj","Der Akku ist leer.","Pil bitti.","phone, a1"
"a1","a1_0403","A1","Telefon","laden","","","şarj etmek","Ich lade mein Handy.","Telefonumu şarj ediyorum.","verb, phone, a1"
"a1","a1_0404","A1","Telefon","Anwendung","die","Anwendungen","uygulama","Ich lade die Anwendung herunter.","Uygulamayı indiriyorum.","phone, a1"
"a1","a1_0405","A1","Telefon","Fehler","der","Fehler","hata","Es gibt einen Fehler.","Hata var.","phone, a1"
"a1","a1_0406","A1","Telefon","funktionieren","","","çalışmak","Das Telefon funktioniert nicht.","Telefon çalışmıyor.","verb, phone, a1"
"a1","a1_0407","A1","Telefon","reparieren","","","tamir etmek","Ich repariere das Handy.","Telefonu tamir ediyorum.","verb, phone, a1"
"a1","a1_0408","A1","Form doldurma","Formular","das","Formulare","form","Ich fülle das Formular aus.","Formu dolduruyorum.","form, a1"
"a1","a1_0409","A1","Form doldurma","Adresse","die","Adressen","adres","Meine Adresse ist Hauptstraße 5.","Adresim Hauptstraße 5.","form, a1"
"a1","a1_0410","A1","Form doldurma","Geburtsdatum","das","Geburtsdaten","doğum tarihi","Mein Geburtsdatum ist der 1. Januar.","Doğum tarihim 1 Ocak.","form, a1"
"a1","a1_0411","A1","Form doldurma","Unterschrift","die","Unterschriften","imza","Hier ist meine Unterschrift.","İşte imzam.","form, a1"
"a1","a1_0412","A1","Form doldurma","Name","der","Namen","isim","Mein Name ist Timur.","Adım Timur.","form, a1"
"a1","a1_0413","A1","Form doldurma","Vorname","der","Vornamen","ad","Vorname: Timur","Ad: Timur","form, a1"
"a1","a1_0414","A1","Form doldurma","Nachname","der","Nachnamen","soyad","Nachname: Yilmaz","Soyad: Yılmaz","form, a1"
"a1","a1_0415","A1","Form doldurma","Geburtsort","der","Geburtsorte","doğum yeri","Mein Geburtsort ist Istanbul.","Doğum yerim İstanbul.","form, a1"
"a1","a1_0416","A1","Form doldurma","Staatsangehörigkeit","die","Staatsangehörigkeiten","vatandaşlık","Meine Staatsangehörigkeit ist türkisch.","Vatandaşlığım Türk.","form, a1"
"a1","a1_0417","A1","Form doldurma","Geschlecht","das","","cinsiyet","Geschlecht: männlich","Cinsiyet: erkek","form, a1"
"a1","a1_0418","A1","Form doldurma","männlich","","","erkek","Ich bin männlich.","Erkeğim.","form, a1"
"a1","a1_0419","A1","Form doldurma","weiblich","","","kadın","Sie ist weiblich.","Kadın.","form, a1"
"a1","a1_0420","A1","Form doldurma","Familienstand","der","Familienstände","medeni hal","Mein Familienstand ist ledig.","Medeni halim bekar.","form, a1"
"a1","a1_0421","A1","Form doldurma","Postleitzahl","die","Postleitzahlen","posta kodu","Die Postleitzahl ist 10115.","Posta kodu 10115.","form, a1"
"a1","a1_0422","A1","Form doldurma","Stadt","die","Städte","şehir","Stadt: Berlin","Şehir: Berlin","form, a1"
"a1","a1_0423","A1","Form doldurma","Land","das","Länder","ülke","Land: Deutschland","Ülke: Almanya","form, a1"
"a1","a1_0424","A1","Form doldurma","Telefonnummer","die","Telefonnummern","telefon","Telefonnummer: 0176...","Telefon: 0176...","form, a1"
"a1","a1_0425","A1","Form doldurma","Beruf","der","Berufe","meslek","Beruf: Lagerarbeiter","Meslek: depo işçisi","form, a1"
"a1","a1_0426","A1","Form doldurma","Arbeitgeber","der","Arbeitgeber","işveren","Mein Arbeitgeber ist DHL.","İşverenim DHL.","form, a1"
"a1","a1_0427","A1","Form doldurma","Einkommen","das","Einkommen","gelir","Mein Einkommen ist 2000 Euro.","Gelirim 2000 euro.","form, a1"
"a1","a1_0428","A1","Form doldurma","Konto","das","Konten","hesap","Mein Konto ist bei der Sparkasse.","Hesabım Sparkasse'de.","form, a1"
"a1","a1_0429","A1","Form doldurma","Bank","die","Banken","banka","Die Bank ist in der Stadt.","Banka şehirde.","form, a1"
"a1","a1_0430","A1","Form doldurma","IBAN","die","IBANs","IBAN","Meine IBAN ist DE...","IBAN'ım DE...","form, a1"
"a1","a1_0431","A1","Form doldurma","Steuer","die","Steuern","vergi","Ich zahle Steuern.","Vergi ödüyorum.","form, a1"
"a1","a1_0432","A1","Form doldurma","Steuernummer","die","Steuernummern","vergi numarası","Meine Steuernummer ist...","Vergi numaram...","form, a1"
"a1","a1_0433","A1","Form doldurma","Antrag","der","Anträge","başvuru","Ich stelle einen Antrag.","Başvuru yapıyorum.","form, a1"
"a1","a1_0434","A1","Form doldurma","Bescheinigung","die","Bescheinigungen","belge","Ich brauche eine Bescheinigung.","Belge lazım.","form, a1"
"a1","a1_0435","A1","Form doldurma","Kopie","die","Kopien","kopya","Ich mache eine Kopie.","Kopya yapıyorum.","form, a1"
"a1","a1_0436","A1","Form doldurma","Original","das","Originale","orijinal","Das Original bitte.","Orijinal lütfen.","form, a1"
"a1","a1_0437","A1","Form doldurma","Stempel","der","Stempel","mühür","Ich brauche einen Stempel.","Mühür lazım.","form, a1"
"a1","a1_0438","A1","Form doldurma","Datum","das","Daten","tarih","Datum: heute","Tarih: bugün","form, a1"
"a1","a1_0439","A1","Form doldurma","Ort","der","Orte","yer","Ort: Berlin","Yer: Berlin","form, a1"
"a1","a1_0440","A1","Form doldurma","ausfüllen","","","doldurmak","Bitte ausfüllen.","Lütfen doldurun.","verb, form, a1"
"a1","a1_0441","A1","Form doldurma","unterschreiben","","","imzalamak","Bitte unterschreiben.","Lütfen imzalayın.","verb, form, a1"
"a1","a1_0442","A1","Form doldurma","Anmeldung","die","Anmeldungen","kayıt","Die Anmeldung ist am Montag.","Kayıt Pazartesi.","form, goethe-form, a1"
"a1","a1_0443","A1","Form doldurma","Anmeldungstag","der","Anmeldungstage","kayıt günü","Der Anmeldungstag ist der 5. März.","Kayıt günü 5 Mart.","form, goethe-form, a1"
"a1","a1_0444","A1","Form doldurma","Arbeitsstelle","die","Arbeitsstellen","iş yeri","Meine Arbeitsstelle ist in Berlin.","İş yerim Berlin'de.","form, goethe-form, a1"
"a1","a1_0445","A1","Form doldurma","Aufenthaltstitel","der","Aufenthaltstitel","oturma izni","Ich habe einen Aufenthaltstitel.","Oturma iznim var.","form, goethe-form, a1"
"a1","a1_0446","A1","Form doldurma","Ausbildung","die","Ausbildungen","mesleki eğitim","Meine Ausbildung dauert zwei Jahre.","Mesleki eğitimim iki yıl sürüyor.","form, goethe-form, a1"
"a1","a1_0447","A1","Form doldurma","Beginn","der","","başlangıç","Beginn: 1. September","Başlangıç: 1 Eylül","form, goethe-form, a1"
"a1","a1_0448","A1","Form doldurma","Bezahlung","die","Bezahlungen","ödeme işlemi","Die Bezahlung ist bar.","Ödeme nakit.","form, goethe-form, a1"
"a1","a1_0449","A1","Form doldurma","Bitte in Druckbuchstaben","","","lütfen büyük harflerle yazınız","Bitte in Druckbuchstaben schreiben.","Lütfen büyük harflerle yazın.","form, goethe-form, a1"
"a1","a1_0450","A1","Form doldurma","Bundesland","das","Bundesländer","eyalet","Bundesland: Bayern","Eyalet: Bavyera","form, goethe-form, a1"
"a1","a1_0451","A1","Form doldurma","Datum der Anmeldung","das","","kayıt tarihi","Datum der Anmeldung: 12.04.","Kayıt tarihi: 12.04.","form, goethe-form, a1"
"a1","a1_0452","A1","Form doldurma","Dokument","das","Dokumente","belge","Ich brauche ein Dokument.","Bir belgeye ihtiyacım var.","form, goethe-form, a1"
"a1","a1_0453","A1","Form doldurma","Ende","das","","bitiş","Ende: 30. Juni","Bitiş: 30 Haziran","form, goethe-form, a1"
"a1","a1_0454","A1","Form doldurma","Familienmitglied","das","Familienmitglieder","aile üyesi","Ein Familienmitglied wohnt in Köln.","Bir aile üyesi Köln'de yaşıyor.","form, goethe-form, a1"
"a1","a1_0455","A1","Form doldurma","Familienname","der","Familiennamen","soyad","Familienname: Yilmaz","Soyad: Yılmaz","form, goethe-form, a1"
"a1","a1_0456","A1","Form doldurma","Geburtsjahr","das","Geburtsjahre","doğum yılı","Geburtsjahr: 1990","Doğum yılı: 1990","form, goethe-form, a1"
"a1","a1_0457","A1","Form doldurma","Geburtsland","das","Geburtsländer","doğum ülkesi","Geburtsland: Türkei","Doğum ülkesi: Türkiye","form, goethe-form, a1"
"a1","a1_0458","A1","Form doldurma","Gebühr","die","Gebühren","ücret","Die Gebühr ist 50 Euro.","Ücret 50 euro.","form, goethe-form, a1"
"a1","a1_0459","A1","Form doldurma","Geschieden","","","boşanmış","Familienstand: geschieden","Medeni hal: boşanmış","form, goethe-form, adjective, a1"
"a1","a1_0460","A1","Form doldurma","Gültig ab","","","geçerlilik başlangıcı","Gültig ab: 01.01.2025","Geçerlilik başlangıcı: 01.01.2025","form, goethe-form, a1"
"a1","a1_0461","A1","Form doldurma","Gültig bis","","","geçerlilik süresi","Gültig bis: 31.12.2025","Geçerlilik süresi: 31.12.2025","form, goethe-form, a1"
"a1","a1_0462","A1","Form doldurma","Handynummer","die","Handynummern","cep telefonu numarası","Handynummer: 0176 123456","Cep telefonu: 0176...","form, goethe-form, a1"
"a1","a1_0463","A1","Form doldurma","Hausnummer","die","Hausnummern","bina numarası","Hausnummer: 12","Bina numarası: 12","form, goethe-form, a1"
"a1","a1_0464","A1","Form doldurma","Heimatland","das","Heimatländer","memleket","Mein Heimatland ist die Türkei.","Memleketim Türkiye.","form, goethe-form, a1"
"a1","a1_0465","A1","Form doldurma","Identitätskarte","die","Identitätskarten","kimlik kartı","Ich habe eine Identitätskarte.","Kimlik kartım var.","form, goethe-form, a1"
"a1","a1_0466","A1","Form doldurma","Kenntnisse","die","","bilgi / beceri","Deutschkenntnisse: A1","Almanca bilgisi: A1","form, goethe-form, a1"
"a1","a1_0467","A1","Form doldurma","Kontaktperson","die","Kontaktpersonen","iletişim kişisi","Kontaktperson: Frau Müller","İletişim kişisi: Bayan Müller","form, goethe-form, a1"
"a1","a1_0468","A1","Form doldurma","Kurs","der","Kurse","kurs","Der Kurs beginnt um neun Uhr.","Kurs saat dokuzda başlıyor.","form, goethe-form, a1"
"a1","a1_0469","A1","Form doldurma","Kursbeginn","der","","kursun başlama tarihi","Kursbeginn: 15. Oktober","Kurs başlangıcı: 15 Ekim","form, goethe-form, a1"
"a1","a1_0470","A1","Form doldurma","Kursende","das","","kursun bitiş tarihi","Kursende: 20. Dezember","Kurs bitişi: 20 Aralık","form, goethe-form, a1"
"a1","a1_0471","A1","Form doldurma","Kursnummer","die","Kursnummern","kurs numarası","Kursnummer: A1-2025","Kurs numarası: A1-2025","form, goethe-form, a1"
"a1","a1_0472","A1","Form doldurma","Kurstermin","der","Kurstermine","kurs tarihi","Der Kurstermin ist am Freitag.","Kurs tarihi Cuma.","form, goethe-form, a1"
"a1","a1_0473","A1","Form doldurma","Wie lange","","","ne kadar süre","Wie lange dauert der Kurs?","Kurs ne kadar sürüyor?","form, goethe-form, a1"
"a1","a1_0474","A1","Form doldurma","Überweisung","die","Überweisungen","havale / banka transferi","Zahlung per Überweisung.","Ödeme havale ile.","form, goethe-form, a1"
"a1","a1_0475","A1","Form doldurma","Muttersprache","die","Muttersprachen","ana dili","Muttersprache: Türkisch","Ana dil: Türkçe","form, goethe-form, a1"
"a1","a1_0476","A1","Form doldurma","Passnummer","die","Passnummern","pasaport numarası","Passnummer: T1234567","Pasaport numarası: T1234567","form, goethe-form, a1"
"a1","a1_0477","A1","Form doldurma","PLZ","die","PLZ","posta kodu","PLZ: 10115","Posta kodu: 10115","form, goethe-form, a1"
"a1","a1_0478","A1","Form doldurma","Prüfungsdatum","das","Prüfungsdaten","sınav tarihi","Prüfungsdatum: 20. Mai","Sınav tarihi: 20 Mayıs","form, goethe-form, a1"
"a1","a1_0479","A1","Form doldurma","Prüfungsergebnis","das","Prüfungsergebnisse","sınav sonucu","Mein Prüfungsergebnis ist gut.","Sınav sonucum iyi.","form, goethe-form, a1"
"a1","a1_0480","A1","Form doldurma","Prüfungstag","der","Prüfungstage","sınav günü","Der Prüfungstag ist Montag.","Sınav günü Pazartesi.","form, goethe-form, a1"
"a1","a1_0481","A1","Form doldurma","Prüfungsteilnehmer","der","Prüfungsteilnehmer","sınav katılımcısı","Ich bin Prüfungsteilnehmer.","Sınav katılımcısıyım.","form, goethe-form, a1"
"a1","a1_0482","A1","Form doldurma","Prüfungszentrum","das","Prüfungszentren","sınav merkezi","Das Prüfungszentrum ist in Berlin.","Sınav merkezi Berlin'de.","form, goethe-form, a1"
"a1","a1_0483","A1","Form doldurma","Reiseausweis","der","Reiseausweise","seyahat belgesi","Ich habe einen Reiseausweis.","Seyahat belgem var.","form, goethe-form, a1"
"a1","a1_0484","A1","Form doldurma","Schulbildung","die","","okul eğitimi","Meine Schulbildung ist in der Türkei.","Okul eğitimim Türkiye'de.","form, goethe-form, a1"
"a1","a1_0485","A1","Form doldurma","Schüler","der","Schüler","öğrenci (erkek)","Er ist Schüler.","O öğrenci.","form, goethe-form, a1"
"a1","a1_0486","A1","Form doldurma","Schülerin","die","Schülerinnen","öğrenci (kadın)","Sie ist Schülerin.","O öğrenci (kız).","form, goethe-form, a1"
"a1","a1_0487","A1","Form doldurma","Sprache auf Niveau","","","şu seviyede dil bilgisi","Sprache auf Niveau A1","A1 seviyesinde dil","form, goethe-form, a1"
"a1","a1_0488","A1","Form doldurma","Staat","der","Staaten","devlet","Staat: Deutschland","Devlet: Almanya","form, goethe-form, a1"
"a1","a1_0489","A1","Form doldurma","Staatsbürger","der","Staatsbürger","vatandaş","Ich bin Staatsbürger.","Vatandaşım.","form, goethe-form, a1"
"a1","a1_0490","A1","Form doldurma","Staatsbürgerlich","","","vatandaşlık durumu","Staatsbürgerlich: türkisch","Vatandaşlık: Türk","form, goethe-form, a1"
"a1","a1_0491","A1","Form doldurma","Studium","das","Studien","üniversite eğitimi","Mein Studium ist in Berlin.","Üniversite eğitimim Berlin'de.","form, goethe-form, a1"
"a1","a1_0492","A1","Form doldurma","Tag der Ausstellung","der","","belgenin verildiği gün","Tag der Ausstellung: 10.01.","Belgenin verildiği gün: 10.01.","form, goethe-form, a1"
"a1","a1_0493","A1","Form doldurma","Teilnahme","die","","katılım","Teilnahme am Kurs","Kursa katılım","form, goethe-form, a1"
"a1","a1_0494","A1","Form doldurma","Teilnehmer","der","Teilnehmer","katılımcı","Teilnehmer: Timur Yilmaz","Katılımcı: Timur Yılmaz","form, goethe-form, a1"
"a1","a1_0495","A1","Form doldurma","Teilnehmernummer","die","Teilnehmernummern","katılımcı numarası","Teilnehmernummer: 12345","Katılımcı numarası: 12345","form, goethe-form, a1"
"a1","a1_0496","A1","Form doldurma","Universität","die","Universitäten","üniversite","Die Universität ist groß.","Üniversite büyük.","form, goethe-form, a1"
"a1","a1_0497","A1","Form doldurma","Unterschrift der Eltern","die","","ebeveynlerin imzası","Unterschrift der Eltern hier.","Ebeveyn imzası buraya.","form, goethe-form, a1"
"a1","a1_0498","A1","Form doldurma","Unterschrift des Teilnehmers","die","","katılımcının imzası","Unterschrift des Teilnehmers.","Katılımcının imzası.","form, goethe-form, a1"
"a1","a1_0499","A1","Form doldurma","Verwitwet","","","dul","Familienstand: verwitwet","Medeni hal: dul","form, goethe-form, adjective, a1"
"a1","a1_0500","A1","Form doldurma","Visum","das","Visa","vize","Ich brauche ein Visum.","Vizeye ihtiyacım var.","form, goethe-form, a1"
"a1","a1_0501","A1","Form doldurma","Wohnort","der","Wohnorte","ikamet edilen yer","Wohnort: Hamburg","İkamet yeri: Hamburg","form, goethe-form, a1"
"a1","a1_0502","A1","Form doldurma","Zahlung","die","Zahlungen","ödeme","Zahlung: 200 Euro","Ödeme: 200 euro","form, goethe-form, a1"
"a1","a1_0503","A1","Form doldurma","Anfänger","der","Anfänger","yeni başlayan","Ich bin Anfänger.","Yeni başlıyorum.","form, goethe-form, a1"
"a1","a1_0504","A1","Form doldurma","Beiden","","","her ikisi","Beiden: Montag und Mittwoch","Her ikisi: Pazartesi ve Çarşamba","form, goethe-form, a1"
"a1","a1_0505","A1","Form doldurma","Davon Kinder","","","bunların çocuk sayısı","Davon Kinder: 2","Bunlardan çocuk: 2","form, goethe-form, a1"
"a1","a1_0506","A1","Form doldurma","Bar","","","nakit","Zahlung bar.","Nakit ödeme.","form, goethe-form, a1"
"a1","a1_0507","A1","Form doldurma","Kreditkarte","die","Kreditkarten","kredi kartı","Zahlung mit Kreditkarte.","Kredi kartı ile ödeme.","form, goethe-form, a1"
"a1","a1_0508","A1","Form doldurma","Geboren in","","","doğum yeri (form)","Geboren in: Istanbul","Doğum yeri: İstanbul","form, goethe-form, a1"
"a1","a1_0509","A1","Günlük ihtiyaçlar","trinken","","","içmek","Ich trinke Wasser.","Su içiyorum.","daily, a1"
"a1","a1_0510","A1","Günlük ihtiyaçlar","schlafen","","","uyumak","Ich schlafe acht Stunden.","Sekiz saat uyuyorum.","daily, a1"
"a1","a1_0511","A1","Günlük ihtiyaçlar","Toilette","die","Toiletten","tuvalet","Wo ist die Toilette?","Tuvalet nerede?","daily, a1"
"a1","a1_0512","A1","Günlük ihtiyaçlar","essen","","","yemek yemek","Ich esse Brot.","Ekmek yiyorum.","verb, daily, a1"
"a1","a1_0513","A1","Günlük ihtiyaçlar","kochen","","","yemek pişirmek","Ich koche Abendessen.","Akşam yemeği pişiriyorum.","verb, daily, a1"
"a1","a1_0514","A1","Günlük ihtiyaçlar","waschen","","","yıkamak","Ich wasche die Hände.","Ellerimi yıkıyorum.","verb, daily, a1"
"a1","a1_0515","A1","Günlük ihtiyaçlar","duschen","","","duş almak","Ich dusche morgens.","Sabah duş alırım.","verb, daily, a1"
"a1","a1_0516","A1","Günlük ihtiyaçlar","anziehen","","","giyinmek","Ich ziehe mich an.","Giyiniyorum.","verb, daily, a1"
"a1","a1_0517","A1","Günlük ihtiyaçlar","aufstehen","","","kalkmak","Ich stehe um sechs auf.","Altıda kalkıyorum.","verb, daily, a1"
"a1","a1_0518","A1","Günlük ihtiyaçlar","ins Bett gehen","","","yatmak","Ich gehe ins Bett.","Yatıyorum.","daily, a1"
"a1","a1_0519","A1","Günlük ihtiyaçlar","putzen","","","temizlemek","Ich putze die Wohnung.","Daireyi temizliyorum.","verb, daily, a1"
"a1","a1_0520","A1","Günlük ihtiyaçlar","einkaufen","","","alışveriş yapmak","Ich gehe einkaufen.","Alışverişe gidiyorum.","verb, daily, a1"
"a1","a1_0521","A1","Günlük ihtiyaçlar","bezahlen","","","ödemek","Ich bezahle die Rechnung.","Faturayı ödüyorum.","verb, daily, a1"
"a1","a1_0522","A1","Günlük ihtiyaçlar","brauchen","","","ihtiyaç duymak","Ich brauche Hilfe.","Yardıma ihtiyacım var.","verb, daily, a1"
"a1","a1_0523","A1","Günlük ihtiyaçlar","möchten","","","istemek","Ich möchte Kaffee.","Kahve istiyorum.","verb, daily, a1"
"a1","a1_0524","A1","Günlük ihtiyaçlar","suchen","","","aramak","Ich suche meinen Schlüssel.","Anahtarımı arıyorum.","verb, daily, a1"
"a1","a1_0525","A1","Günlük ihtiyaçlar","finden","","","bulmak","Ich finde es.","Buluyorum.","verb, daily, a1"
"a1","a1_0526","A1","Günlük ihtiyaçlar","nehmen","","","almak","Ich nehme den Bus.","Otobüsü alıyorum.","verb, daily, a1"
"a1","a1_0527","A1","Günlük ihtiyaçlar","geben","","","vermek","Ich gebe dir das Buch.","Sana kitabı veriyorum.","verb, daily, a1"
"a1","a1_0528","A1","Günlük ihtiyaçlar","machen","","","yapmak","Ich mache Hausaufgaben.","Ödev yapıyorum.","verb, daily, a1"
"a1","a1_0529","A1","Günlük ihtiyaçlar","lesen","","","okumak","Ich lese ein Buch.","Kitap okuyorum.","verb, daily, a1"
"a1","a1_0530","A1","Günlük ihtiyaçlar","schreiben","","","yazmak","Ich schreibe einen Brief.","Mektup yazıyorum.","verb, daily, a1"
"a1","a1_0531","A1","Günlük ihtiyaçlar","hören","","","duymak/dinlemek","Ich höre Musik.","Müzik dinliyorum.","verb, daily, a1"
"a1","a1_0532","A1","Günlük ihtiyaçlar","sehen","","","görmek","Ich sehe fern.","Televizyon izliyorum.","verb, daily, a1"
"a1","a1_0533","A1","Günlük ihtiyaçlar","gehen","","","gitmek","Ich gehe spazieren.","Yürüyüşe gidiyorum.","verb, daily, a1"
"a1","a1_0534","A1","Günlük ihtiyaçlar","laufen","","","koşmak/yürümek","Ich laufe schnell.","Hızlı koşuyorum.","verb, daily, a1"
"a1","a1_0535","A1","Günlük ihtiyaçlar","sitzen","","","oturmak","Ich sitze auf dem Stuhl.","Sandalyede oturuyorum.","verb, daily, a1"
"a1","a1_0536","A1","Günlük ihtiyaçlar","stehen","","","ayakta durmak","Ich stehe an der Haltestelle.","Durakta bekliyorum.","verb, daily, a1"
"a1","a1_0537","A1","Günlük ihtiyaçlar","öffnen","","","açmak","Ich öffne die Tür.","Kapıyı açıyorum.","verb, daily, a1"
"a1","a1_0538","A1","Günlük ihtiyaçlar","schließen","","","kapatmak","Ich schließe das Fenster.","Pencereyi kapatıyorum.","verb, daily, a1"
"a1","a1_0539","A1","Günlük ihtiyaçlar","Kleidung","die","","giysi","Meine Kleidung ist sauber.","Giysilerim temiz.","daily, a1"
"a1","a1_0540","A1","Günlük ihtiyaçlar","Schuhe","die","","ayakkabı","Meine Schuhe sind neu.","Ayakkabılarım yeni.","daily, a1"
"a1","a1_0541","A1","Günlük ihtiyaçlar","Jacke","die","Jacken","ceket","Die Jacke ist warm.","Ceket sıcak tutuyor.","daily, a1"
"a1","a1_0542","A1","Günlük ihtiyaçlar","Regenschirm","der","Regenschirme","şemsiye","Ich brauche einen Regenschirm.","Şemsiye lazım.","daily, a1"
"a1","a1_0543","A1","Basit yön tarifleri","links","","","sol","Gehen Sie links.","Sola gidin.","direction, a1"
"a1","a1_0544","A1","Basit yön tarifleri","rechts","","","sağ","Gehen Sie rechts.","Sağa gidin.","direction, a1"
"a1","a1_0545","A1","Basit yön tarifleri","geradeaus","","","düz ileri","Gehen Sie geradeaus.","Düz ileri gidin.","direction, a1"
"a1","a1_0546","A1","Basit yön tarifleri","Wo ist","","","nerede","Wo ist der Bahnhof?","Tren istasyonu nerede?","direction, a1"
"a1","a1_0547","A1","Basit yön tarifleri","hier","","","burada","Ich bin hier.","Buradayım.","direction, a1"
"a1","a1_0548","A1","Basit yön tarifleri","dort","","","orada","Das ist dort.","O orada.","direction, a1"
"a1","a1_0549","A1","Basit yön tarifleri","nah","","","yakın","Es ist nah.","Yakın.","direction, a1"
"a1","a1_0550","A1","Basit yön tarifleri","weit","","","uzak","Es ist weit.","Uzak.","direction, a1"
"a1","a1_0551","A1","Basit yön tarifleri","oben","","","yukarıda","Das ist oben.","Yukarıda.","direction, a1"
"a1","a1_0552","A1","Basit yön tarifleri","unten","","","aşağıda","Das ist unten.","Aşağıda.","direction, a1"
"a1","a1_0553","A1","Basit yön tarifleri","vorne","","","ön","Das ist vorne.","Önde.","direction, a1"
"a1","a1_0554","A1","Basit yön tarifleri","hinten","","","arka","Das ist hinten.","Arkada.","direction, a1"
"a1","a1_0555","A1","Basit yön tarifleri","neben","","","yanında","Neben der Bank.","Bankanın yanında.","direction, a1"
"a1","a1_0556","A1","Basit yön tarifleri","gegenüber","","","karşısında","Gegenüber dem Park.","Parkın karşısında.","direction, a1"
"a1","a1_0557","A1","Basit yön tarifleri","zwischen","","","arasında","Zwischen Haus und Schule.","Ev ile okul arasında.","direction, a1"
"a1","a1_0558","A1","Basit yön tarifleri","Ecke","die","Ecken","köşe","An der Ecke links.","Köşede sola.","direction, a1"
"a1","a1_0559","A1","Basit yön tarifleri","Kreuzung","die","Kreuzungen","kavşak","An der Kreuzung.","Kavşakta.","direction, a1"
"a1","a1_0560","A1","Basit yön tarifleri","Ampel","die","Ampeln","trafik lambası","An der Ampel.","Trafik lambasında.","direction, a1"
"a1","a1_0561","A1","Basit yön tarifleri","Brücke","die","Brücken","köprü","Über die Brücke.","Köprüden geç.","direction, a1"
"a1","a1_0562","A1","Basit yön tarifleri","Tunnel","der","Tunnel","tünel","Durch den Tunnel.","Tünelden geç.","direction, a1"
"a1","a1_0563","A1","Basit yön tarifleri","Platz","der","Plätze","meydan","Am Platz.","Meydanda.","direction, a1"
"a1","a1_0564","A1","Basit yön tarifleri","Park","der","Parks","park","Im Park.","Parkta.","direction, a1"
"a1","a1_0565","A1","Basit yön tarifleri","Karte","die","Karten","harita","Ich habe eine Karte.","Haritam var.","direction, a1"
"a1","a1_0566","A1","Basit yön tarifleri","Weg","der","Wege","yol","Der Weg ist lang.","Yol uzun.","direction, a1"
"a1","a1_0567","A1","Basit yön tarifleri","Richtung","die","Richtungen","yön","In welche Richtung?","Hangi yöne?","direction, a1"
"a1","a1_0568","A1","Basit yön tarifleri","Norden","der","","kuzey","Nach Norden.","Kuzeye.","direction, a1"
"a1","a1_0569","A1","Basit yön tarifleri","Süden","der","","güney","Nach Süden.","Güneye.","direction, a1"
"a1","a1_0570","A1","Basit yön tarifleri","Osten","der","","doğu","Nach Osten.","Doğuya.","direction, a1"
"a1","a1_0571","A1","Basit yön tarifleri","Westen","der","","batı","Nach Westen.","Batıya.","direction, a1"
"a1","a1_0572","A1","Basit yön tarifleri","Meter","der","Meter","metre","200 Meter geradeaus.","200 metre düz.","direction, a1"
"a1","a1_0573","A1","Basit yön tarifleri","Kilometer","der","Kilometer","kilometre","Ein Kilometer.","Bir kilometre.","direction, a1"
"a1","a1_0574","A1","Basit yön tarifleri","bis","","","kadar","Bis zum Bahnhof.","Tren istasyonuna kadar.","direction, a1"
"a1","a1_0575","A1","Basit yön tarifleri","dann","","","sonra","Dann links.","Sonra sola.","direction, a1"
"a1","a1_0576","A1","Basit yön tarifleri","zurück","","","geri","Gehen Sie zurück.","Geri gidin.","direction, a1"
"a1","a1_0577","A1","Basit yön tarifleri","verlaufen","","","kaybolmak","Ich habe mich verlaufen.","Kayboldum.","direction, a1"
"a1","a1_0578","A1","Text.md tamamlama","Gast","der","Gäste","misafir","Der Gast kommt heute.","Misafir bugün geliyor.","people, a1"
"a1","a1_0579","A1","Text.md tamamlama","Job","der","Jobs","iş","Ich suche einen Job.","Bir iş arıyorum.","work, a1"
"a1","a1_0580","A1","Text.md tamamlama","Text","der","Texte","metin","Ich lese den Text.","Metni okuyorum.","daily, a1"
"a1","a1_0581","A1","Text.md tamamlama","Test","der","Tests","test","Der Test ist einfach.","Test kolay.","school, a1"
"a1","a1_0582","A1","Text.md tamamlama","Getränk","das","Getränke","içecek","Das Getränk ist kalt.","İçecek soğuk.","food, a1"
"a1","a1_0583","A1","Text.md tamamlama","Glas","das","Gläser","bardak","Das Glas ist voll.","Bardak dolu.","daily, a1"
"a1","a1_0584","A1","Text.md tamamlama","Hobby","das","Hobbys","hobi","Mein Hobby ist Lesen.","Hobim okumak.","daily, a1"
"a1","a1_0585","A1","Text.md tamamlama","Kilo","das","Kilo","kilo","Ein Kilo Äpfel, bitte.","Bir kilo elma lütfen.","daily, a1"
"a1","a1_0586","A1","Text.md tamamlama","Kino","das","Kinos","sinema","Wir gehen ins Kino.","Sinemaya gidiyoruz.","daily, a1"
"a1","a1_0587","A1","Text.md tamamlama","Programm","das","Programme","program","Das Programm beginnt um acht.","Program saat sekizde başlıyor.","daily, a1"
"a1","a1_0588","A1","Text.md tamamlama","Batterie","die","Batterien","pil","Die Batterie ist leer.","Pil bitti.","daily, a1"
"a1","a1_0589","A1","Text.md tamamlama","Oma","die","Omas","büyükanne","Meine Oma wohnt in Berlin.","Büyükannem Berlin'de yaşıyor.","family, a1"
"a1","a1_0590","A1","Text.md tamamlama","Person","die","Personen","kişi","Eine Person wartet draußen.","Dışarıda bir kişi bekliyor.","people, a1"
"a1","a1_0591","A1","Text.md tamamlama","Situation","die","Situationen","durum","Die Situation ist schwierig.","Durum zor.","daily, a1"
"a1","a1_0592","A1","Text.md tamamlama","Bier","das","Biere","bira","Ein Bier, bitte.","Bir bira lütfen.","restaurant, a1"
"a1","a1_0593","A1","Text.md tamamlama","Brief","der","Briefe","mektup","Ich schreibe einen Brief.","Bir mektup yazıyorum.","daily, a1"
"a1","a1_0594","A1","Text.md tamamlama","Baum","der","Bäume","ağaç","Der Baum ist groß.","Ağaç büyük.","nature, a1"
"a1","a1_0595","A1","Text.md tamamlama","Berg","der","Berge","dağ","Der Berg ist hoch.","Dağ yüksek.","nature, a1"
"a1","a1_0596","A1","Text.md tamamlama","Koffer","der","Koffer","bavul","Mein Koffer ist schwer.","Bavulum ağır.","travel, a1"
"a1","a1_0597","A1","Text.md tamamlama","Hunger","der","","açlık","Ich habe Hunger.","Açım.","food, a1"
"a1","a1_0598","A1","Text.md tamamlama","Papa","der","Papas","baba","Mein Papa arbeitet viel.","Babam çok çalışıyor.","family, a1"
"a1","a1_0599","A1","Text.md tamamlama","Mama","die","Mamas","anne","Meine Mama kocht gut.","Annem iyi yemek yapar.","family, a1"
"a1","a1_0600","A1","Text.md tamamlama","Satz","der","Sätze","cümle","Das ist ein kurzer Satz.","Bu kısa bir cümle.","school, a1"
"a1","a1_0601","A1","Text.md tamamlama","Koch","der","Köche","aşçı","Der Koch arbeitet im Restaurant.","Aşçı restoranda çalışıyor.","work, restaurant, a1"
"a1","a1_0602","A1","Text.md tamamlama","Brille","die","Brillen","gözlük","Ich trage eine Brille.","Gözlük takıyorum.","daily, a1"
"a1","a1_0603","A1","Text.md tamamlama","Dialog","der","Dialoge","diyalog","Wir üben einen Dialog.","Bir diyalog çalışıyoruz.","school, a1"
"a1","a1_0604","A1","Text.md tamamlama","Freizeit","die","","boş zaman","In der Freizeit lese ich.","Boş zamanımda okurum.","daily, a1"
"a1","a1_0605","A1","Text.md tamamlama","Exkursion","die","Exkursionen","gezi","Die Exkursion ist morgen.","Gezi yarın.","school, a1"
"a1","a1_0606","A1","Text.md tamamlama","Sonne","die","Sonnen","güneş","Die Sonne scheint.","Güneş parlıyor.","nature, a1"
"a1","a1_0607","A1","Text.md tamamlama","Post","die","","posta","Ich gehe zur Post.","Postaya gidiyorum.","daily, a1"
"a1","a1_0608","A1","Text.md tamamlama","Pflanze","die","Pflanzen","bitki","Die Pflanze braucht Wasser.","Bitkinin suya ihtiyacı var.","nature, a1"
"a1","a1_0609","A1","Text.md tamamlama","Liste","die","Listen","liste","Ich schreibe eine Liste.","Bir liste yazıyorum.","daily, a1"
"a1","a1_0610","A1","Text.md tamamlama","Arm","der","Arme","kol","Mein Arm tut weh.","Kolum ağrıyor.","body, a1"
"a1","a1_0611","A1","Text.md tamamlama","Bein","das","Beine","bacak","Mein Bein ist lang.","Bacağım uzun.","body, a1"
"a1","a1_0612","A1","Text.md tamamlama","Bauch","der","Bäuche","karın","Mein Bauch tut weh.","Karnım ağrıyor.","body, a1"
"a1","a1_0613","A1","Text.md tamamlama","Blume","die","Blumen","çiçek","Die Blume ist schön.","Çiçek güzel.","nature, a1"
"a1","a1_0614","A1","Text.md tamamlama","Dorf","das","Dörfer","köy","Das Dorf ist klein.","Köy küçük.","place, a1"
"a1","a1_0615","A1","Text.md tamamlama","Meer","das","Meere","deniz","Das Meer ist blau.","Deniz mavi.","nature, a1"
"a1","a1_0616","A1","Text.md tamamlama","Hemd","das","Hemden","gömlek","Das Hemd ist weiß.","Gömlek beyaz.","clothing, a1"
"a1","a1_0617","A1","Text.md tamamlama","Kleid","das","Kleider","elbise","Das Kleid ist rot.","Elbise kırmızı.","clothing, a1"
"a1","a1_0618","A1","Text.md tamamlama","Theater","das","Theater","tiyatro","Wir gehen ins Theater.","Tiyatroya gidiyoruz.","daily, a1"
"a1","a1_0619","A1","Text.md tamamlama","Fußball","der","Fußbälle","futbol","Ich spiele Fußball.","Futbol oynuyorum.","sport, a1"
"a1","a1_0620","A1","Text.md tamamlama","Mensch","der","Menschen","insan","Der Mensch ist freundlich.","İnsan nazik.","people, a1"
"a1","a1_0621","A1","Text.md tamamlama","Moment","der","Momente","an","Einen Moment, bitte.","Bir an lütfen.","daily, a1"
"a1","a1_0622","A1","Text.md tamamlama","Trainer","der","Trainer","antrenör","Der Trainer ist nett.","Antrenör nazik.","sport, work, a1"
"a1","a1_0623","A1","Text.md tamamlama","Dusche","die","Duschen","duş","Die Dusche ist warm.","Duş sıcak.","home, a1"
"a1","a1_0624","A1","Text.md tamamlama","Farbe","die","Farben","renk","Die Farbe ist schön.","Renk güzel.","daily, a1"
"a1","a1_0625","A1","Text.md tamamlama","Garage","die","Garagen","garaj","Die Garage ist voll.","Garaj dolu.","home, a1"
"a1","a1_0626","A1","Text.md tamamlama","Gitarre","die","Gitarren","gitar","Ich spiele Gitarre.","Gitar çalıyorum.","daily, a1"
"a1","a1_0627","A1","Text.md tamamlama","Hauptstadt","die","Hauptstädte","başkent","Berlin ist die Hauptstadt.","Berlin başkenttir.","place, a1"
"a1","a1_0628","A1","Text.md tamamlama","Hausaufgabe","die","Hausaufgaben","ödev","Ich mache Hausaufgaben.","Ödev yapıyorum.","school, a1"
"a1","a1_0629","A1","Text.md tamamlama","Klasse","die","Klassen","sınıf","Die Klasse beginnt um neun.","Sınıf dokuzda başlıyor.","school, a1"
"a1","a1_0630","A1","Text.md tamamlama","Zigarette","die","Zigaretten","sigara","Er raucht eine Zigarette.","Sigara içiyor.","daily, a1"
"a1","a1_0631","A1","Text.md tamamlama","Zeitung","die","Zeitungen","gazete","Ich lese die Zeitung.","Gazete okuyorum.","daily, a1"
"a1","a1_0632","A1","Text.md tamamlama","Kaufhaus","das","Kaufhäuser","mağaza","Das Kaufhaus ist groß.","Mağaza büyük.","shopping, a1"
"a1","a1_0633","A1","Text.md tamamlama","Joghurt","der","","yoğurt","Ich esse Joghurt.","Yoğurt yiyorum.","food, a1"
"a1","a1_0634","A1","Text.md tamamlama","Pullover","der","Pullover","kazak","Der Pullover ist warm.","Kazak sıcak.","clothing, a1"
"a1","a1_0635","A1","Text.md tamamlama","Rock","der","Röcke","etek","Der Rock ist blau.","Etek mavi.","clothing, a1"
"a1","a1_0636","A1","Text.md tamamlama","Schreibtisch","der","Schreibtische","yazı masası","Der Schreibtisch ist neu.","Yazı masası yeni.","home, school, a1"
"a1","a1_0637","A1","Text.md tamamlama","Schwimmbad","das","Schwimmbäder","yüzme havuzu","Das Schwimmbad ist offen.","Yüzme havuzu açık.","sport, a1"
"a1","a1_0638","A1","Text.md tamamlama","Polizist","der","Polizisten","polis","Der Polizist hilft uns.","Polis bize yardım ediyor.","work, a1"
"a1","a1_0639","A1","Text.md tamamlama","Patient","der","Patienten","hasta","Der Patient wartet.","Hasta bekliyor.","health, a1"
"a1","a1_0640","A1","Text.md tamamlama","Partner","der","Partner","partner","Mein Partner ist nett.","Partnerim nazik.","people, a1"
"a1","a1_0641","A1","Text.md tamamlama","Kultur","die","Kulturen","kültür","Die Kultur ist interessant.","Kültür ilginç.","daily, a1"
"a1","a1_0642","A1","Text.md tamamlama","Medizin","die","","tıp/ilaç","Sie studiert Medizin.","Tıp okuyor.","health, school, a1"
"a1","a1_0643","A1","Text.md tamamlama","Meinung","die","Meinungen","görüş","Das ist meine Meinung.","Bu benim görüşüm.","daily, a1"
"a1","a1_0644","A1","Text.md tamamlama","Mineralwasser","das","","maden suyu","Ein Mineralwasser, bitte.","Bir maden suyu lütfen.","restaurant, a1"
"a1","a1_0645","A1","Text.md tamamlama","Regen","der","","yağmur","Es gibt Regen.","Yağmur var.","weather, a1"
"a1","a1_0646","A1","Text.md tamamlama","Wind","der","Winde","rüzgar","Der Wind ist stark.","Rüzgar güçlü.","weather, a1"
"a1","a1_0647","A1","Text.md tamamlama","Durst","der","","susuzluk","Ich habe Durst.","Susadım.","food, a1"
"a1","a1_0648","A1","Text.md tamamlama","Schaf","das","Schafe","koyun","Das Schaf ist weiß.","Koyun beyaz.","nature, a1"
"a1","a1_0649","A1","Text.md tamamlama","Wein","der","Weine","şarap","Der Wein ist teuer.","Şarap pahalı.","restaurant, a1"
"a1","a1_0650","A1","Text.md tamamlama","Gärtner","der","Gärtner","bahçıvan","Der Gärtner arbeitet im Garten.","Bahçıvan bahçede çalışıyor.","work, a1"
"a1","a1_0651","A1","Text.md tamamlama","Feier","die","Feiern","kutlama","Die Feier ist schön.","Kutlama güzel.","daily, a1"
"a1","a1_0652","A1","Text.md tamamlama","Fest","das","Feste","festival/bayram","Das Fest ist heute.","Festival bugün.","daily, a1"
"a1","a1_0653","A1","Text.md tamamlama","Gespräch","das","Gespräche","konuşma","Das Gespräch ist lang.","Konuşma uzun.","daily, a1"
"a1","a1_0654","A1","Text.md tamamlama","Glück","das","","şans/mutluluk","Viel Glück!","İyi şanslar!","daily, a1"
"a1","a1_0655","A1","Text.md tamamlama","Grund","der","Gründe","sebep","Das ist der Grund.","Bu sebep.","daily, a1"
"a1","a1_0656","A1","Text.md tamamlama","Gruß","der","Grüße","selam","Viele Grüße!","Selamlar!","greeting, a1"
"a1","a1_0657","A1","Text.md tamamlama","Gürtel","der","Gürtel","kemer","Der Gürtel ist schwarz.","Kemer siyah.","clothing, a1"
"a1","a1_0658","A1","Text.md tamamlama","Bild","das","Bilder","resim","Das Bild ist schön.","Resim güzel.","daily, a1"
"a1","a1_0659","A1","Text.md tamamlama","Diplom","das","Diplome","diploma","Ich habe ein Diplom.","Diplomum var.","school, work, a1"
"a1","a1_0660","A1","Text.md tamamlama","Mietpreis","der","Mietpreise","kira fiyatı","Der Mietpreis ist hoch.","Kira fiyatı yüksek.","home, a1"
"a1","a1_0661","A1","Text.md tamamlama","Note","die","Noten","not","Die Note ist gut.","Not iyi.","school, a1"
"a1","a1_0662","A1","Text.md tamamlama","Nase","die","Nasen","burun","Meine Nase ist kalt.","Burnum soğuk.","body, a1"
"a1","a1_0663","A1","Text.md tamamlama","Ohr","das","Ohren","kulak","Mein Ohr tut weh.","Kulağım ağrıyor.","body, a1"
"a1","a1_0664","A1","Text.md tamamlama","Mund","der","Münder","ağız","Mein Mund ist trocken.","Ağzım kuru.","body, a1"
"a1","a1_0665","A1","Text.md tamamlama","Finger","der","Finger","parmak","Mein Finger ist lang.","Parmağım uzun.","body, a1"
"a1","a1_0666","A1","Text.md tamamlama","Becher","der","Becher","bardak","Der Becher ist voll.","Bardak dolu.","daily, a1"
"a1","a1_0667","A1","Text.md tamamlama","Ausgang","der","Ausgänge","çıkış","Der Ausgang ist dort.","Çıkış orada.","place, a1"
"a1","a1_0668","A1","Text.md tamamlama","Eingang","der","Eingänge","giriş","Der Eingang ist links.","Giriş solda.","place, a1"
"a1","a1_0669","A1","Text.md tamamlama","Einkauf","der","Einkäufe","alışveriş","Der Einkauf dauert lange.","Alışveriş uzun sürüyor.","shopping, a1"
"a1","a1_0670","A1","Text.md tamamlama","Ausländer","der","Ausländer","yabancı","Er ist Ausländer.","O yabancı.","people, a1"
"a1","a1_0671","A1","Text.md tamamlama","Badewanne","die","Badewannen","küvet","Die Badewanne ist groß.","Küvet büyük.","home, a1"
"a1","a1_0672","A1","Text.md tamamlama","Badezimmer","das","Badezimmer","banyo","Das Badezimmer ist sauber.","Banyo temiz.","home, a1"
"a1","a1_0673","A1","Text.md tamamlama","Drucker","der","Drucker","yazıcı","Der Drucker funktioniert nicht.","Yazıcı çalışmıyor.","daily, a1"
"a1","a1_0674","A1","Text.md tamamlama","anfragen","","","sormak","Ich möchte etwas anfragen.","Bir şey sormak istiyorum.","verb, a1"
"a1","a1_0675","A1","Text.md tamamlama","benutzen","","","kullanmak","Ich benutze den Computer.","Bilgisayarı kullanıyorum.","verb, a1"
"a1","a1_0676","A1","Text.md tamamlama","bringen","","","getirmek","Ich bringe das Buch.","Kitabı getiriyorum.","verb, a1"
"a1","a1_0677","A1","Text.md tamamlama","folgen","","","takip etmek","Bitte folgen Sie mir.","Lütfen beni takip edin.","verb, a1"
"a1","a1_0678","A1","Text.md tamamlama","gehören","","","ait olmak","Das gehört mir.","Bu bana ait.","verb, a1"
"a1","a1_0679","A1","Text.md tamamlama","hoffen","","","ummak","Ich hoffe auf gutes Wetter.","İyi hava umarım.","verb, a1"
"a1","a1_0680","A1","Text.md tamamlama","informieren","","","bilgilendirmek","Ich informiere dich später.","Seni sonra bilgilendiririm.","verb, a1"
"a1","a1_0681","A1","Text.md tamamlama","lachen","","","gülmek","Die Kinder lachen.","Çocuklar gülüyor.","verb, a1"
"a1","a1_0682","A1","Text.md tamamlama","stellen","","","koymak/sormak","Ich stelle eine Frage.","Bir soru soruyorum.","verb, a1"
"a1","a1_0683","A1","Text.md tamamlama","verdienen","","","kazanmak","Ich verdiene genug Geld.","Yeterli para kazanıyorum.","verb, a1"
"a1","a1_0684","A1","Text.md tamamlama","vergessen","","","unutmak","Ich vergesse oft den Schlüssel.","Anahtarı sık unuturum.","verb, a1"
"a1","a1_0685","A1","Text.md tamamlama","wiederholen","","","tekrarlamak","Bitte wiederholen Sie das.","Lütfen tekrarlayın.","verb, a1"
"a1","a1_0686","A1","Text.md tamamlama","bleiben","","","kalmak","Ich bleibe zu Hause.","Evde kalıyorum.","verb, a1"
"a1","a1_0687","A1","Text.md tamamlama","bitten","","","rica etmek","Ich bitte um Hilfe.","Yardım rica ediyorum.","verb, a1"
"a1","a1_0688","A1","Text.md tamamlama","danken","","","teşekkür etmek","Ich danke dir.","Sana teşekkür ederim.","verb, a1"
"a1","a1_0689","A1","Text.md tamamlama","enden","","","bitmek","Der Film endet um zehn.","Film onda bitiyor.","verb, a1"
"a1","a1_0690","A1","Text.md tamamlama","entschuldigen","","","özür dilemek","Entschuldigen Sie bitte!","Özür dilerim!","verb, a1"
"a1","a1_0691","A1","Text.md tamamlama","erklären","","","açıklamak","Kannst du das erklären?","Bunu açıklayabilir misin?","verb, a1"
"a1","a1_0692","A1","Text.md tamamlama","freuen","","","sevinmek","Ich freue mich auf dich.","Seni görmek için sabırsızlanıyorum.","verb, a1"
"a1","a1_0693","A1","Text.md tamamlama","glauben","","","inanmak","Ich glaube dir.","Sana inanıyorum.","verb, a1"
"a1","a1_0694","A1","Text.md tamamlama","halten","","","tutmak/durmak","Bitte halten Sie an.","Lütfen durun.","verb, a1"
"a1","a1_0695","A1","Text.md tamamlama","klingen","","","ses vermek","Das klingt gut.","Bu iyi geliyor.","verb, a1"
"a1","a1_0696","A1","Text.md tamamlama","lassen","","","bırakmak","Lass mich in Ruhe.","Beni rahat bırak.","verb, a1"
"a1","a1_0697","A1","Text.md tamamlama","legen","","","koymak","Ich lege das Buch auf den Tisch.","Kitabı masaya koyuyorum.","verb, a1"
"a1","a1_0698","A1","Text.md tamamlama","liegen","","","yatmak/uzanmak","Das Buch liegt auf dem Tisch.","Kitap masanın üstünde.","verb, a1"
"a1","a1_0699","A1","Text.md tamamlama","passieren","","","olmak","Was ist passiert?","Ne oldu?","verb, a1"
"a1","a1_0700","A1","Text.md tamamlama","rauchen","","","sigara içmek","Er raucht nicht.","Sigara içmiyor.","verb, a1"
"a1","a1_0701","A1","Text.md tamamlama","regnen","","","yağmur yağmak","Es regnet heute.","Bugün yağmur yağıyor.","verb, weather, a1"
"a1","a1_0702","A1","Text.md tamamlama","schauen","","","bakmak","Ich schaue fern.","Televizyon izliyorum.","verb, a1"
"a1","a1_0703","A1","Text.md tamamlama","springen","","","zıplamak","Die Kinder springen.","Çocuklar zıplıyor.","verb, a1"
"a1","a1_0704","A1","Text.md tamamlama","tragen","","","taşımak/giymek","Ich trage eine Jacke.","Ceket giyiyorum.","verb, a1"
"a1","a1_0705","A1","Text.md tamamlama","treiben","","","yapmak/sürmek","Ich treibe Sport.","Spor yapıyorum.","verb, a1"
"a1","a1_0706","A1","Text.md tamamlama","tun","","","yapmak","Was tust du?","Ne yapıyorsun?","verb, a1"
"a1","a1_0707","A1","Text.md tamamlama","verkaufen","","","satmak","Er verkauft Autos.","Araba satıyor.","verb, work, a1"
"a1","a1_0708","A1","Text.md tamamlama","verletzen","","","incitmek","Ich verletze mich nicht.","Kendimi incitmiyorum.","verb, a1"
"a1","a1_0709","A1","Text.md tamamlama","verlieren","","","kaybetmek","Ich verliere oft den Schlüssel.","Anahtarı sık kaybederim.","verb, a1"
"a1","a1_0710","A1","Text.md tamamlama","parken","","","park etmek","Ich parke das Auto hier.","Arabayı buraya park ediyorum.","verb, transport, a1"
"a1","a1_0711","A1","Text.md tamamlama","sparen","","","biriktirmek","Ich spare Geld.","Para biriktiriyorum.","verb, a1"
"a1","a1_0712","A1","Text.md tamamlama","gewinnen","","","kazanmak","Wir gewinnen das Spiel.","Maçı kazanıyoruz.","verb, sport, a1"
"a1","a1_0713","A1","Text.md tamamlama","bequem","","","rahat","Das Sofa ist bequem.","Kanepe rahat.","adjective, a1"
"a1","a1_0714","A1","Text.md tamamlama","klar","","","açık/net","Das ist klar.","Bu açık.","adjective, a1"
"a1","a1_0715","A1","Text.md tamamlama","lustig","","","komik","Der Film ist lustig.","Film komik.","adjective, a1"
"a1","a1_0716","A1","Text.md tamamlama","offiziell","","","resmi","Das ist offiziell.","Bu resmi.","adjective, a1"
"a1","a1_0717","A1","Text.md tamamlama","privat","","","özel","Das ist privat.","Bu özel.","adjective, a1"
"a1","a1_0718","A1","Text.md tamamlama","informell","","","gayri resmi","Das Treffen ist informell.","Toplantı gayri resmi.","adjective, a1"
"a1","a1_0719","A1","Text.md tamamlama","toll","","","harika","Das ist toll!","Bu harika!","adjective, a1"
"a1","a1_0720","A1","Text.md tamamlama","schwer","","","ağır/zor","Das ist schwer.","Bu zor.","adjective, a1"
"a1","a1_0721","A1","Text.md tamamlama","anders","","","farklı","Das ist anders.","Bu farklı.","adjective, a1"
"a1","a1_0722","A1","Text.md tamamlama","beide","","","her ikisi","Beide sind nett.","İkisi de nazik.","adjective, a1"
"a1","a1_0723","A1","Text.md tamamlama","besonders","","","özellikle","Das ist besonders wichtig.","Bu özellikle önemli.","adverb, a1"
"a1","a1_0724","A1","Text.md tamamlama","genau","","","tam","Das ist genau richtig.","Bu tam doğru.","adverb, a1"
"a1","a1_0725","A1","Text.md tamamlama","offen","","","açık","Das Geschäft ist offen.","Dükkan açık.","adjective, a1"
"a1","a1_0726","A1","Text.md tamamlama","selbst","","","kendi","Ich mache es selbst.","Kendim yapıyorum.","adverb, a1"
"a1","a1_0727","A1","Text.md tamamlama","sofort","","","hemen","Komm sofort!","Hemen gel!","adverb, a1"
"a1","a1_0728","A1","Text.md tamamlama","weiter","","","devam","Geh weiter!","Devam et!","adverb, a1"
"a1","a1_0729","A1","Text.md tamamlama","wieder","","","yine/tekrar","Ich komme wieder.","Yine geliyorum.","adverb, a1"
"a1","a1_0730","A1","Text.md tamamlama","gern","","","severek","Ich trinke gern Tee.","Çay içmeyi severim.","adverb, a1"
"a1","a1_0731","A1","Text.md tamamlama","falsch","","","yanlış","Das ist falsch.","Bu yanlış.","adjective, a1"
"a1","a1_0732","A1","Text.md tamamlama","faul","","","tembel","Er ist faul.","O tembel.","adjective, a1"
"a1","a1_0733","A1","Text.md tamamlama","ruhig","","","sakin","Sei ruhig!","Sakin ol!","adjective, a1"
"a1","a1_0734","A1","Text.md tamamlama","sonnig","","","güneşli","Es ist sonnig.","Hava güneşli.","weather, a1"
"a1","a1_0735","A1","Text.md tamamlama","sympathisch","","","sempatik","Er ist sympathisch.","O sempatik.","adjective, a1"
"a1","a1_0736","A1","Text.md tamamlama","langweilig","","","sıkıcı","Der Film ist langweilig.","Film sıkıcı.","adjective, a1"
"a1","a1_0737","A1","Text.md tamamlama","seltsam","","","garip","Das ist seltsam.","Bu garip.","adjective, a1"
"a1","a1_0738","A1","Text.md tamamlama","sicher","","","emin/güvenli","Ich bin sicher.","Eminim.","adjective, a1"
"a1","a1_0739","A1","Text.md tamamlama","dunkel","","","karanlık","Es ist dunkel.","Hava karanlık.","adjective, a1"
"a1","a1_0740","A1","Text.md tamamlama","heiß","","","sıcak","Das Wasser ist heiß.","Su sıcak.","adjective, a1"
"a1","a1_0741","A1","Text.md tamamlama","hart","","","sert","Das Brot ist hart.","Ekmek sert.","adjective, a1"
"a1","a1_0742","A1","Text.md tamamlama","hässlich","","","çirkin","Das ist hässlich.","Bu çirkin.","adjective, a1"
"a1","a1_0743","A1","Text.md tamamlama","jung","","","genç","Sie ist jung.","O genç.","adjective, a1"
"a1","a1_0744","A1","Text.md tamamlama","klug","","","akıllı","Er ist klug.","O akıllı.","adjective, a1"
"a1","a1_0745","A1","Text.md tamamlama","voll","","","dolu","Das Glas ist voll.","Bardak dolu.","adjective, a1"
"a1","a1_0746","A1","Text.md tamamlama","unwichtig","","","önemsiz","Das ist unwichtig.","Bu önemsiz.","adjective, a1"
"a1","a1_0747","A1","Text.md tamamlama","gebraucht","","","kullanılmış","Das Auto ist gebraucht.","Araba ikinci el.","adjective, a1"
"a1","a1_0748","A1","Text.md tamamlama","bekannt","","","tanınmış","Er ist bekannt.","O tanınmış.","adjective, a1"
"a1","a1_0749","A1","Text.md tamamlama","geschlossen","","","kapalı","Das Geschäft ist geschlossen.","Dükkan kapalı.","adjective, a1"
"a1","a1_0750","A1","Text.md tamamlama","Adressat","der","Adressaten","muhatap","Der Adressat ist unbekannt.","Muhatap bilinmiyor.","daily, a1"
"a1","a1_0751","A1","Text.md tamamlama","Alkohol","der","","alkol","Alkohol ist nicht erlaubt.","Alkole izin yok.","daily, a1"
"a1","a1_0752","A1","Text.md tamamlama","Alphabet","das","Alphabete","alfabe","Das Alphabet hat 26 Buchstaben.","Alfabede 26 harf var.","school, a1"
"a1","a1_0753","A1","Text.md tamamlama","Apartment","das","Apartments","apartman","Das Apartment ist klein.","Apartman küçük.","home, a1"
"a1","a1_0754","A1","Text.md tamamlama","Apfelsaft","der","","elma suyu","Ich trinke Apfelsaft.","Elma suyu içiyorum.","food, a1"
"a1","a1_0755","A1","Text.md tamamlama","Arbeiter","der","Arbeiter","işçi","Der Arbeiter ist müde.","İşçi yorgun.","work, a1"
"a1","a1_0756","A1","Text.md tamamlama","Besuch","der","Besuche","ziyaret","Der Besuch dauert eine Stunde.","Ziyaret bir saat sürüyor.","daily, a1"
"a1","a1_0757","A1","Text.md tamamlama","Bluse","die","Blusen","bluz","Die Bluse ist blau.","Bluz mavi.","clothing, a1"
"a1","a1_0758","A1","Text.md tamamlama","Brieffreund","der","Brieffreunde","mektup arkadaşı","Ich habe einen Brieffreund.","Mektup arkadaşım var.","daily, a1"
"a1","a1_0759","A1","Text.md tamamlama","Buchstabe","der","Buchstaben","harf","Der Buchstabe A ist rot.","A harfi kırmızı.","school, a1"
"a1","a1_0760","A1","Text.md tamamlama","Cent","der","Cent","sent","Das kostet fünfzig Cent.","Bu elli sent.","shopping, a1"
"a1","a1_0761","A1","Text.md tamamlama","Deutschkurs","der","Deutschkurse","Almanca kursu","Ich besuche einen Deutschkurs.","Almanca kursuna gidiyorum.","school, a1"
"a1","a1_0762","A1","Text.md tamamlama","Deutschtest","der","Deutschtests","Almanca testi","Der Deutschtest ist morgen.","Almanca testi yarın.","school, a1"
"a1","a1_0763","A1","Text.md tamamlama","Deutschunterricht","der","","Almanca dersi","Der Deutschunterricht beginnt um neun.","Almanca dersi dokuzda başlıyor.","school, a1"
"a1","a1_0764","A1","Text.md tamamlama","Flug","der","Flüge","uçuş","Der Flug ist pünktlich.","Uçuş zamanında.","travel, a1"
"a1","a1_0765","A1","Text.md tamamlama","Fluss","der","Flüsse","nehir","Der Fluss ist lang.","Nehir uzun.","nature, a1"
"a1","a1_0766","A1","Text.md tamamlama","Formel","die","Formeln","formül","Die Formel ist einfach.","Formül basit.","school, a1"
"a1","a1_0767","A1","Text.md tamamlama","Fremdsprache","die","Fremdsprachen","yabancı dil","Englisch ist eine Fremdsprache.","İngilizce bir yabancı dil.","school, a1"
"a1","a1_0768","A1","Text.md tamamlama","Friseursalon","der","Friseursalons","kuaför","Ich gehe zum Friseursalon.","Kuaföre gidiyorum.","daily, a1"
"a1","a1_0769","A1","Text.md tamamlama","Garantie","die","Garantien","garanti","Die Garantie ist zwei Jahre.","Garanti iki yıl.","shopping, a1"
"a1","a1_0770","A1","Text.md tamamlama","Gemüseladen","der","Gemüseläden","manav","Der Gemüseladen ist offen.","Manav açık.","shopping, a1"
"a1","a1_0771","A1","Text.md tamamlama","Grad","der","Grade","derece","Es sind zwanzig Grad.","Yirmi derece.","weather, a1"
"a1","a1_0772","A1","Text.md tamamlama","Gramm","das","Gramm","gram","Zweihundert Gramm, bitte.","İki yüz gram lütfen.","food, a1"
"a1","a1_0773","A1","Text.md tamamlama","Grammatik","die","","dilbilgisi","Grammatik ist wichtig.","Dilbilgisi önemli.","school, a1"
"a1","a1_0774","A1","Text.md tamamlama","Hausfrau","die","Hausfrauen","ev hanımı","Sie ist Hausfrau.","O ev hanımı.","family, work, a1"
"a1","a1_0775","A1","Text.md tamamlama","Haushaltshilfe","die","Haushaltshilfen","ev yardımcısı","Wir brauchen eine Haushaltshilfe.","Ev yardımcısına ihtiyacımız var.","home, a1"
"a1","a1_0776","A1","Text.md tamamlama","Heft","das","Hefte","defter","Das Heft ist neu.","Defter yeni.","school, a1"
"a1","a1_0777","A1","Text.md tamamlama","Informatik","die","","bilişim","Er studiert Informatik.","Bilişim okuyor.","school, work, a1"
"a1","a1_0778","A1","Text.md tamamlama","Intensivkurs","der","Intensivkurse","yoğun kurs","Der Intensivkurs dauert vier Wochen.","Yoğun kurs dört hafta sürüyor.","school, a1"
"a1","a1_0779","A1","Text.md tamamlama","Korb","der","Körbe","sepet","Der Korb ist voll.","Sepet dolu.","shopping, a1"
"a1","a1_0780","A1","Text.md tamamlama","Leben","das","","hayat","Das Leben ist schön.","Hayat güzel.","daily, a1"
"a1","a1_0781","A1","Text.md tamamlama","Lektion","die","Lektionen","ders","Die Lektion ist interessant.","Ders ilginç.","school, a1"
"a1","a1_0782","A1","Text.md tamamlama","Licht","das","","ışık","Das Licht ist an.","Işık açık.","home, a1"
"a1","a1_0783","A1","Text.md tamamlama","Liter","der","Liter","litre","Ein Liter Milch, bitte.","Bir litre süt lütfen.","food, a1"
"a1","a1_0784","A1","Text.md tamamlama","Lust","die","","istek","Ich habe Lust auf Eis.","Dondurma istiyorum.","daily, a1"
"a1","a1_0785","A1","Text.md tamamlama","Mantel","der","Mäntel","palto","Der Mantel ist warm.","Palto sıcak.","clothing, a1"
"a1","a1_0786","A1","Text.md tamamlama","Mechaniker","der","Mechaniker","tamirci","Der Mechaniker repariert das Auto.","Tamirci arabayı tamir ediyor.","work, a1"
"a1","a1_0787","A1","Text.md tamamlama","Meister","der","Meister","usta","Er ist ein Meister.","O bir usta.","work, a1"
"a1","a1_0788","A1","Text.md tamamlama","Moder","der","","küf","Der Moder ist schwarz.","Küf siyah.","daily, a1"
"a1","a1_0789","A1","Text.md tamamlama","Nachrichten","die","","haberler","Ich sehe die Nachrichten.","Haberleri izliyorum.","daily, a1"
"a1","a1_0790","A1","Text.md tamamlama","Ober","der","Ober","garson","Der Ober bringt die Speisekarte.","Garson menüyü getiriyor.","restaurant, a1"
"a1","a1_0791","A1","Text.md tamamlama","Plan","der","Pläne","plan","Der Plan ist gut.","Plan iyi.","daily, a1"
"a1","a1_0792","A1","Text.md tamamlama","Produkt","das","Produkte","ürün","Das Produkt ist neu.","Ürün yeni.","shopping, a1"
"a1","a1_0793","A1","Text.md tamamlama","Programmierer","der","Programmierer","programcı","Er ist Programmierer.","O programcı.","work, a1"
"a1","a1_0794","A1","Text.md tamamlama","Prospekt","der","Prospekte","broşür","Ich lese den Prospekt.","Broşürü okuyorum.","daily, a1"
"a1","a1_0795","A1","Text.md tamamlama","Prüfung","die","Prüfungen","sınav","Die Prüfung ist schwer.","Sınav zor.","school, a1"
"a1","a1_0796","A1","Text.md tamamlama","Radio","das","Radios","radyo","Das Radio ist laut.","Radyo yüksek sesle.","daily, a1"
"a1","a1_0797","A1","Text.md tamamlama","See","die","Seen","deniz/göl","Die See ist schön.","Deniz güzel.","nature, a1"
"a1","a1_0798","A1","Text.md tamamlama","Seite","die","Seiten","sayfa","Die Seite ist leer.","Sayfa boş.","school, a1"
"a1","a1_0799","A1","Text.md tamamlama","Sekretär","der","Sekretäre","sekreter","Der Sekretär arbeitet im Büro.","Sekreter ofiste çalışıyor.","work, a1"
"a1","a1_0800","A1","Text.md tamamlama","Sekretärin","die","Sekretärinnen","sekreter (kadın)","Die Sekretärin ist nett.","Sekreter nazik.","work, a1"
"a1","a1_0801","A1","Text.md tamamlama","Service","der","","servis","Der Service ist gut.","Servis iyi.","daily, a1"
"a1","a1_0802","A1","Text.md tamamlama","Ski","der","Skier","kayak","Ich fahre Ski.","Kayak yapıyorum.","sport, a1"
"a1","a1_0803","A1","Text.md tamamlama","Sprachschule","die","Sprachschulen","dil okulu","Die Sprachschule ist in der Stadt.","Dil okulu şehirde.","school, a1"
"a1","a1_0804","A1","Text.md tamamlama","Start","der","Starts","başlangıç","Der Start ist um zehn.","Başlangıç onda.","daily, a1"
"a1","a1_0805","A1","Text.md tamamlama","Station","die","Stationen","istasyon","Die Station ist dort.","İstasyon orada.","transport, a1"
"a1","a1_0806","A1","Text.md tamamlama","Stelle","die","Stellen","yer","Die Stelle ist frei.","Yer boş.","work, a1"
"a1","a1_0807","A1","Text.md tamamlama","Stift","der","Stifte","kalem","Der Stift schreibt gut.","Kalem iyi yazıyor.","school, a1"
"a1","a1_0808","A1","Text.md tamamlama","Stock","der","Stockwerke","kat","Ich wohne im dritten Stock.","Üçüncü katta yaşıyorum.","home, a1"
"a1","a1_0809","A1","Text.md tamamlama","Stress","der","","stres","Ich habe Stress.","Stresim var.","health, a1"
"a1","a1_0810","A1","Text.md tamamlama","T-Shirt","das","T-Shirts","tişört","Das T-Shirt ist blau.","Tişört mavi.","clothing, a1"
"a1","a1_0811","A1","Text.md tamamlama","Team","das","Teams","takım","Das Team arbeitet gut.","Takım iyi çalışıyor.","work, sport, a1"
"a1","a1_0812","A1","Text.md tamamlama","Teil","das","Teile","parça","Das ist ein wichtiger Teil.","Bu önemli bir parça.","daily, a1"
"a1","a1_0813","A1","Text.md tamamlama","Temperatur","die","Temperaturen","sıcaklık","Die Temperatur ist hoch.","Sıcaklık yüksek.","weather, a1"
"a1","a1_0814","A1","Text.md tamamlama","Terrasse","die","Terrassen","teras","Die Terrasse ist schön.","Teras güzel.","home, a1"
"a1","a1_0815","A1","Text.md tamamlama","Training","das","Trainings","antrenman","Das Training ist um sechs.","Antrenman altıda.","sport, a1"
"a1","a1_0816","A1","Text.md tamamlama","TV","das","TVs","televizyon","Der TV ist neu.","Televizyon yeni.","daily, a1"
"a1","a1_0817","A1","Text.md tamamlama","U-Bahnhof","der","U-Bahnhöfe","metro istasyonu","Der U-Bahnhof ist nah.","Metro istasyonu yakın.","transport, a1"
"a1","a1_0818","A1","Text.md tamamlama","USA","die","","ABD","Die USA sind groß.","ABD büyük.","place, a1"
"a1","a1_0819","A1","Text.md tamamlama","Wagen","der","Wagen","vagon/araba","Der Wagen ist voll.","Vagon dolu.","transport, a1"
"a1","a1_0820","A1","Text.md tamamlama","Wörterbuch","das","Wörterbücher","sözlük","Ich benutze ein Wörterbuch.","Sözlük kullanıyorum.","school, a1"
"a1","a1_0821","A1","Text.md tamamlama","Lied","das","Lieder","şarkı","Das Lied ist schön.","Şarkı güzel.","daily, a1"
"a1","a1_0822","A1","Text.md tamamlama","anmachen","","","yürünmek/flört etmek","Er macht sie an.","Ona yürüyor.","verb, a1"
"a1","a1_0823","A1","Text.md tamamlama","beschreiben","","","tanımlamak","Kannst du das beschreiben?","Bunu tanımlayabilir misin?","verb, a1"
"a1","a1_0824","A1","Text.md tamamlama","brechen","","","kırmak","Bitte nicht brechen!","Lütfen kırma!","verb, a1"
"a1","a1_0825","A1","Text.md tamamlama","buchstabieren","","","hecelemek","Wie buchstabierst du das?","Bunu nasıl heceliyorsun?","verb, a1"
"a1","a1_0826","A1","Text.md tamamlama","dauern","","","sürmek","Wie lange dauert es?","Ne kadar sürüyor?","verb, a1"
"a1","a1_0827","A1","Text.md tamamlama","erzählen","","","anlatmak","Erzähl mir eine Geschichte!","Bana bir hikaye anlat!","verb, a1"
"a1","a1_0828","A1","Text.md tamamlama","fallen","","","düşmek","Die Blätter fallen.","Yapraklar düşüyor.","verb, a1"
"a1","a1_0829","A1","Text.md tamamlama","frühstücken","","","kahvaltı yapmak","Ich frühstücke um acht.","Saat sekizde kahvaltı yapıyorum.","verb, food, a1"
"a1","a1_0830","A1","Text.md tamamlama","gefallen","","","beğenmek","Das gefällt mir.","Bu hoşuma gidiyor.","verb, a1"
"a1","a1_0831","A1","Text.md tamamlama","prüfen","","","kontrol etmek","Der Lehrer prüft die Tests.","Öğretmen testleri kontrol ediyor.","verb, school, a1"
"a1","a1_0832","A1","Text.md tamamlama","stimmen","","","doğru olmak","Das stimmt nicht.","Bu doğru değil.","verb, a1"
"a1","a1_0833","A1","Text.md tamamlama","telefonieren","","","telefon etmek","Ich telefoniere mit Mama.","Annemle telefon ediyorum.","verb, telefon, a1"
"a1","a1_0834","A1","Text.md tamamlama","trainieren","","","antrenman yapmak","Ich trainiere jeden Tag.","Her gün antrenman yapıyorum.","verb, sport, a1"
"a1","a1_0835","A1","Text.md tamamlama","üben","","","çalışmak/alıştırmak","Ich übe Deutsch.","Almanca çalışıyorum.","verb, school, a1"
"a1","a1_0836","A1","Text.md tamamlama","übersetzen","","","çevirmek","Ich übersetze den Text.","Metni çeviriyorum.","verb, school, a1"
"a1","a1_0837","A1","Text.md tamamlama","zahlen","","","ödemek","Ich zahle bar.","Nakit ödüyorum.","verb, shopping, a1"
"a1","a1_0838","A1","Text.md tamamlama","zählen","","","saymak","Kannst du bis zehn zählen?","Ona kadar sayabilir misin?","verb, school, a1"
"a1","a1_0839","A1","Text.md tamamlama","andere","","","diğer","Andere Leute warten.","Diğer insanlar bekliyor.","adjective, a1"
"a1","a1_0840","A1","Text.md tamamlama","draußen","","","dışarıda","Es ist kalt draußen.","Dışarısı soğuk.","adverb, a1"
"a1","a1_0841","A1","Text.md tamamlama","dreimal","","","üç kez","Ich war dreimal dort.","Oraya üç kez gittim.","adverb, a1"
"a1","a1_0842","A1","Text.md tamamlama","echt","","","gerçek","Das ist echt.","Bu gerçek.","adjective, a1"
"a1","a1_0843","A1","Text.md tamamlama","einmal","","","bir kez","Komm bitte einmal her.","Lütfen bir kez buraya gel.","adverb, a1"
"a1","a1_0844","A1","Text.md tamamlama","freundlich","","","nazik","Sie ist freundlich.","O nazik.","adjective, a1"
"a1","a1_0845","A1","Text.md tamamlama","groß","","","büyük","Das Haus ist groß.","Ev büyük.","adjective, a1"
"a1","a1_0846","A1","Text.md tamamlama","italienisch","","","İtalyan","Das Essen ist italienisch.","Yemek İtalyan.","adjective, a1"
"a1","a1_0847","A1","Text.md tamamlama","japanisch","","","Japon","Er spricht japanisch.","Japonca konuşuyor.","adjective, a1"
"a1","a1_0848","A1","Text.md tamamlama","jemand","","","birisi","Jemand klopft an die Tür.","Biri kapıyı çalıyor.","pronoun, a1"
"a1","a1_0849","A1","Text.md tamamlama","minus","","","eksi","Fünf minus zwei ist drei.","Beş eksi iki üç.","daily, a1"
"a1","a1_0850","A1","Text.md tamamlama","plus","","","artı","Zwei plus zwei ist vier.","İki artı iki dört.","daily, a1"
"a1","a1_0851","A1","Text.md tamamlama","rund","","","yuvarlak/yaklaşık","Der Tisch ist rund.","Masa yuvarlak.","adjective, a1"
"a1","a1_0852","A1","Text.md tamamlama","wunderschön","","","muhteşem","Das Wetter ist wunderschön.","Hava muhteşem.","adjective, a1"
"a2","a2_0001","A2","Alışveriş & Hizmetler","zusammen","","","birlikte","Wir essen zusammen.","Birlikte yemek yiyoruz.","family, a2, review"
"a2","a2_0002","A2","Sağlık","Haus","das","Häuser","ev","Das ist mein Haus.","Bu benim evim.","daily, a2, review"
"a2","a2_0003","A2","İş & Kariyer","Wohnung","die","Wohnungen","daire","Meine Wohnung ist klein.","Dairem küçük.","daily, a2, review"
"a2","a2_0004","A2","Günlük rutin","Zimmer","das","Zimmer","oda","Mein Zimmer ist sauber.","Odam temiz.","daily, a2, review"
"a2","a2_0005","A2","Hava & Doğa","Küche","die","Küchen","mutfak","Die Küche ist modern.","Mutfak modern.","daily, a2, review"
"a2","a2_0006","A2","Duygular","Bad","das","Bäder","banyo","Das Bad ist klein.","Banyo küçük.","daily, a2, review"
"a2","a2_0007","A2","Geçmiş zaman","Schlafzimmer","das","Schlafzimmer","yatak odası","Das Schlafzimmer ist hell.","Yatak odası aydınlık.","daily, a2, review"
"a2","a2_0008","A2","Seyahat","Wohnzimmer","das","Wohnzimmer","oturma odası","Im Wohnzimmer ist ein Sofa.","Oturma odasında kanepe var.","daily, a2, review"
"a2","a2_0009","A2","Alışveriş & Hizmetler","Tür","die","Türen","kapı","Die Tür ist offen.","Kapı açık.","daily, a2, review"
"a2","a2_0010","A2","Sağlık","Fenster","das","Fenster","pencere","Das Fenster ist geschlossen.","Pencere kapalı.","daily, a2, review"
"a2","a2_0011","A2","İş & Kariyer","Bett","das","Betten","yatak","Das Bett ist bequem.","Yatak rahat.","daily, a2, review"
"a2","a2_0012","A2","Günlük rutin","Tisch","der","Tische","masa","Der Tisch ist groß.","Masa büyük.","daily, a2, review"
"a2","a2_0013","A2","Hava & Doğa","Stuhl","der","Stühle","sandalye","Der Stuhl ist kaputt.","Sandalye kırık.","daily, a2, review"
"a2","a2_0014","A2","Duygular","Sofa","das","Sofas","kanepe","Das Sofa ist neu.","Kanepe yeni.","daily, a2, review"
"a2","a2_0015","A2","Geçmiş zaman","Schrank","der","Schränke","dolap","Der Schrank ist voll.","Dolap dolu.","daily, a2, review"
"a2","a2_0016","A2","Seyahat","Regal","das","Regale","raf","Das Regal ist leer.","Raf boş.","daily, a2, review"
"a2","a2_0017","A2","Alışveriş & Hizmetler","Lampe","die","Lampen","lamba","Die Lampe ist an.","Lamba açık.","daily, a2, review"
"a2","a2_0018","A2","Sağlık","Teppich","der","Teppiche","halı","Der Teppich ist rot.","Halı kırmızı.","daily, a2, review"
"a2","a2_0019","A2","İş & Kariyer","Spiegel","der","Spiegel","ayna","Der Spiegel ist sauber.","Ayna temiz.","daily, a2, review"
"a2","a2_0020","A2","Günlük rutin","Kühlschrank","der","Kühlschränke","buzdolabı","Der Kühlschrank ist kalt.","Buzdolabı soğuk.","daily, a2, review"
"a2","a2_0021","A2","Hava & Doğa","Herd","der","Herde","ocak","Der Herd ist heiß.","Ocak sıcak.","daily, a2, review"
"a2","a2_0022","A2","Duygular","Waschmaschine","die","Waschmaschinen","çamaşır makinesi","Die Waschmaschine ist kaputt.","Çamaşır makinesi bozuk.","daily, a2, review"
"a2","a2_0023","A2","Geçmiş zaman","Schlüssel","der","Schlüssel","anahtar","Wo ist mein Schlüssel?","Anahtarım nerede?","daily, a2, review"
"a2","a2_0024","A2","Seyahat","Garten","der","Gärten","bahçe","Der Garten ist schön.","Bahçe güzel.","daily, a2, review"
"a2","a2_0025","A2","Alışveriş & Hizmetler","Balkon","der","Balkone","balkon","Der Balkon ist klein.","Balkon küçük.","daily, a2, review"
"a2","a2_0026","A2","Sağlık","Keller","der","Keller","bodrum","Der Keller ist dunkel.","Bodrum karanlık.","daily, a2, review"
"a2","a2_0027","A2","İş & Kariyer","Dach","das","Dächer","çatı","Das Dach ist neu.","Çatı yeni.","daily, a2, review"
"a2","a2_0028","A2","Günlük rutin","Treppenhaus","das","Treppenhäuser","merdiven boşluğu","Das Treppenhaus ist sauber.","Merdiven boşluğu temiz.","daily, a2, review"
"a2","a2_0029","A2","Hava & Doğa","Aufzug","der","Aufzüge","asansör","Der Aufzug funktioniert nicht.","Asansör çalışmıyor.","daily, a2, review"
"a2","a2_0030","A2","Duygular","Miete","die","Mieten","kira","Die Miete ist 500 Euro.","Kira 500 euro.","daily, a2, review"
"a2","a2_0031","A2","Geçmiş zaman","Möbel","das","Möbel","mobilya","Die Möbel sind neu.","Mobilyalar yeni.","daily, a2, review"
"a2","a2_0032","A2","Seyahat","Heizung","die","Heizungen","ısıtma","Die Heizung ist an.","Isıtma açık.","daily, a2, review"
"a2","a2_0033","A2","Alışveriş & Hizmetler","Strom","der","","elektrik","Der Strom ist teuer.","Elektrik pahalı.","daily, a2, review"
"a2","a2_0034","A2","Sağlık","sauber","","","temiz","Die Wohnung ist sauber.","Daire temiz.","adjective, daily, a2, review"
"a2","a2_0035","A2","İş & Kariyer","schmutzig","","","kirli","Das Zimmer ist schmutzig.","Oda kirli.","adjective, daily, a2, review"
"a2","a2_0036","A2","Günlük rutin","Supermarkt","der","Supermärkte","süpermarket","Ich gehe zum Supermarkt.","Süpermarkete gidiyorum.","shopping, a2, review"
"a2","a2_0037","A2","Hava & Doğa","Brot","das","Brote","ekmek","Ich kaufe Brot.","Ekmek alıyorum.","food, shopping, a2, review"
"a2","a2_0038","A2","Duygular","Milch","die","","süt","Die Milch kostet 1 Euro.","Süt 1 euro.","food, shopping, a2, review"
"a2","a2_0039","A2","Geçmiş zaman","kosten","","","mal olmak","Was kostet das?","Bu ne kadar?","verb, shopping, a2, review"
"a2","a2_0040","A2","Seyahat","kaufen","","","satın almak","Ich kaufe Obst.","Meyve alıyorum.","verb, shopping, a2, review"
"a2","a2_0041","A2","Alışveriş & Hizmetler","Euro","der","Euro","euro","Das kostet fünf Euro.","Bu beş euro.","shopping, a2, review"
"a2","a2_0042","A2","Sağlık","Preis","der","Preise","fiyat","Der Preis ist hoch.","Fiyat yüksek.","shopping, a2, review"
"a2","a2_0043","A2","İş & Kariyer","billig","","","ucuz","Das ist billig.","Bu ucuz.","shopping, a2, review"
"a2","a2_0044","A2","Günlük rutin","teuer","","","pahalı","Das ist teuer.","Bu pahalı.","shopping, a2, review"
"a2","a2_0045","A2","Hava & Doğa","Obst","das","","meyve","Das Obst ist frisch.","Meyve taze.","food, shopping, a2, review"
"a2","a2_0046","A2","Duygular","Gemüse","das","","sebze","Ich kaufe Gemüse.","Sebze alıyorum.","food, shopping, a2, review"
"a2","a2_0047","A2","Geçmiş zaman","Apfel","der","Äpfel","elma","Der Apfel ist rot.","Elma kırmızı.","food, shopping, a2, review"
"a2","a2_0048","A2","Seyahat","Banane","die","Bananen","muz","Die Banane ist gelb.","Muz sarı.","food, shopping, a2, review"
"a2","a2_0049","A2","Alışveriş & Hizmetler","Tomate","die","Tomaten","domates","Die Tomate ist reif.","Domates olgun.","food, shopping, a2, review"
"a2","a2_0050","A2","Sağlık","Kartoffel","die","Kartoffeln","patates","Ich kaufe Kartoffeln.","Patates alıyorum.","food, shopping, a2, review"
"a2","a2_0051","A2","İş & Kariyer","Reis","der","","pirinç","Der Reis ist im Regal.","Pirinç rafta.","food, shopping, a2, review"
"a2","a2_0052","A2","Günlük rutin","Nudeln","die","","makarna","Ich kaufe Nudeln.","Makarna alıyorum.","food, shopping, a2, review"
"a2","a2_0053","A2","Hava & Doğa","Fleisch","das","","et","Das Fleisch ist frisch.","Et taze.","food, shopping, a2, review"
"a2","a2_0054","A2","Duygular","Fisch","der","Fische","balık","Der Fisch ist gut.","Balık iyi.","food, shopping, a2, review"
"a2","a2_0055","A2","Geçmiş zaman","Käse","der","","peynir","Der Käse ist lecker.","Peynir lezzetli.","food, shopping, a2, review"
"a2","a2_0056","A2","Seyahat","Ei","das","Eier","yumurta","Ich kaufe sechs Eier.","Altı yumurta alıyorum.","food, shopping, a2, review"
"a2","a2_0057","A2","Alışveriş & Hizmetler","Butter","die","","tereyağı","Die Butter ist im Kühlschrank.","Tereyağı buzdolabında.","food, shopping, a2, review"
"a2","a2_0058","A2","Sağlık","Zucker","der","","şeker","Der Zucker ist süß.","Şeker tatlı.","food, shopping, a2, review"
"a2","a2_0059","A2","İş & Kariyer","Salz","das","","tuz","Das Salz ist auf dem Tisch.","Tuz masada.","food, shopping, a2, review"
"a2","a2_0060","A2","Günlük rutin","Öl","das","Öle","yağ","Das Öl ist im Regal.","Yağ rafta.","food, shopping, a2, review"
"a2","a2_0061","A2","Hava & Doğa","Wasser","das","","su","Ich kaufe Wasser.","Su alıyorum.","food, shopping, a2, review"
"a2","a2_0062","A2","Duygular","Saft","der","Säfte","meyve suyu","Der Saft ist kalt.","Meyve suyu soğuk.","food, shopping, a2, review"
"a2","a2_0063","A2","Geçmiş zaman","Kaffee","der","","kahve","Der Kaffee ist heiß.","Kahve sıcak.","food, shopping, a2, review"
"a2","a2_0064","A2","Seyahat","Tee","der","Tees","çay","Ich trinke Tee.","Çay içiyorum.","food, shopping, a2, review"
"a2","a2_0065","A2","Alışveriş & Hizmetler","Tüte","die","Tüten","poşet","Ich brauche eine Tüte.","Poşete ihtiyacım var.","shopping, a2, review"
"a2","a2_0066","A2","Sağlık","Kasse","die","Kassen","kasa","Wo ist die Kasse?","Kasa nerede?","shopping, a2, review"
"a2","a2_0067","A2","İş & Kariyer","Schlange","die","Schlangen","sıra","Ich stehe in der Schlange.","Sırada bekliyorum.","shopping, a2, review"
"a2","a2_0068","A2","Günlük rutin","Angebot","das","Angebote","indirim/kampanya","Das ist ein Angebot.","Bu bir kampanya.","shopping, a2, review"
"a2","a2_0069","A2","Hava & Doğa","bezahlen","","","ödemek","Ich bezahle bar.","Nakit ödüyorum.","verb, shopping, a2, review"
"a2","a2_0070","A2","Duygular","Arbeit","die","Arbeiten","iş","Ich gehe zur Arbeit.","İşe gidiyorum.","work, a2, review"
"a2","a2_0071","A2","Geçmiş zaman","Kollege","der","Kollegen","iş arkadaşı","Mein Kollege ist freundlich.","İş arkadaşım dost.","work, a2, review"
"a2","a2_0072","A2","Seyahat","arbeiten","","","çalışmak","Ich arbeite im Lager.","Depoda çalışıyorum.","verb, work, a2, review"
"a2","a2_0073","A2","Alışveriş & Hizmetler","Lager","das","Lager","depo","Ich arbeite in einem Lager.","Depoda çalışıyorum.","work, logistics, a2, review"
"a2","a2_0074","A2","Sağlık","Chef","der","Chefs","patron/şef","Mein Chef ist streng.","Patronum katı.","work, a2, review"
"a2","a2_0075","A2","İş & Kariyer","Firma","die","Firmen","firma","Die Firma ist groß.","Firma büyük.","work, a2, review"
"a2","a2_0076","A2","Günlük rutin","Büro","das","Büros","ofis","Das Büro ist im dritten Stock.","Ofis üçüncü katta.","work, a2, review"
"a2","a2_0077","A2","Hava & Doğa","Schicht","die","Schichten","vardiya","Meine Schicht beginnt um sechs.","Vardiyam altıda başlıyor.","work, logistics, a2, review"
"a2","a2_0078","A2","Duygular","Pause","die","Pausen","mola","Ich mache Pause.","Mola veriyorum.","work, a2, review"
"a2","a2_0079","A2","Geçmiş zaman","Gehalt","das","Gehälter","maaş","Mein Gehalt ist 2000 Euro.","Maaşım 2000 euro.","work, a2, review"
"a2","a2_0080","A2","Seyahat","Vertrag","der","Verträge","sözleşme","Ich unterschreibe den Vertrag.","Sözleşmeyi imzalıyorum.","work, a2, review"
"a2","a2_0081","A2","Alışveriş & Hizmetler","Bewerbung","die","Bewerbungen","iş başvurusu","Ich schreibe eine Bewerbung.","İş başvurusu yazıyorum.","work, a2, review"
"a2","a2_0082","A2","Sağlık","Lebenslauf","der","Lebensläufe","CV","Mein Lebenslauf ist fertig.","CV'm hazır.","work, a2, review"
"a2","a2_0083","A2","İş & Kariyer","Termin","der","Termine","randevu","Ich habe einen Termin.","Randevum var.","work, a2, review"
"a2","a2_0084","A2","Günlük rutin","Besprechung","die","Besprechungen","toplantı","Die Besprechung ist um zehn.","Toplantı onda.","work, a2, review"
"a2","a2_0085","A2","Hava & Doğa","Aufgabe","die","Aufgaben","görev","Meine Aufgabe ist einfach.","Görevim basit.","work, a2, review"
"a2","a2_0086","A2","Duygular","Projekt","das","Projekte","proje","Das Projekt ist wichtig.","Proje önemli.","work, a2, review"
"a2","a2_0087","A2","Geçmiş zaman","Gruppe","die","Gruppen","ekip/grup","Unsere Gruppe ist gut.","Grubumuz iyi.","work, a2, review"
"a2","a2_0088","A2","Seyahat","Kunde","der","Kunden","müşteri","Der Kunde wartet.","Müşteri bekliyor.","work, a2, review"
"a2","a2_0089","A2","Alışveriş & Hizmetler","Paket","das","Pakete","paket","Das Paket ist schwer.","Paket ağır.","work, logistics, a2, review"
"a2","a2_0090","A2","Sağlık","Karton","der","Kartons","karton","Der Karton ist groß.","Karton büyük.","work, logistics, a2, review"
"a2","a2_0091","A2","İş & Kariyer","Palette","die","Paletten","palet","Die Palette steht dort.","Palet orada duruyor.","work, logistics, a2, review"
"a2","a2_0092","A2","Günlük rutin","Stapler","der","Stapler","forklift","Der Stapler fährt langsam.","Forklift yavaş gidiyor.","work, logistics, a2, review"
"a2","a2_0093","A2","Hava & Doğa","Regal","das","Regale","raf","Das Regal ist voll.","Raf dolu.","work, logistics, a2, review"
"a2","a2_0094","A2","Duygular","Bestellung","die","Bestellungen","sipariş","Die Bestellung ist fertig.","Sipariş hazır.","work, logistics, a2, review"
"a2","a2_0095","A2","Geçmiş zaman","Lieferung","die","Lieferungen","teslimat","Die Lieferung kommt morgen.","Teslimat yarın geliyor.","work, logistics, a2, review"
"a2","a2_0096","A2","Seyahat","Uniform","die","Uniformen","üniforma","Die Uniform ist blau.","Üniforma mavi.","work, a2, review"
"a2","a2_0097","A2","Alışveriş & Hizmetler","Helm","der","Helme","kask","Der Helm ist Pflicht.","Kask zorunlu.","work, safety, a2, review"
"a2","a2_0098","A2","Sağlık","Sicherheit","die","","güvenlik","Sicherheit ist wichtig.","Güvenlik önemli.","work, safety, a2, review"
"a2","a2_0099","A2","İş & Kariyer","Feierabend","der","","iş çıkışı","Ich mache Feierabend.","İşten çıkıyorum.","work, a2, review"
"a2","a2_0100","A2","Günlük rutin","Überstunden","die","","fazla mesai","Ich mache Überstunden.","Fazla mesai yapıyorum.","work, a2, review"
"a2","a2_0101","A2","Hava & Doğa","Urlaub","der","Urlaube","izin/tatil","Ich habe Urlaub.","İznim var.","work, a2, review"
"a2","a2_0102","A2","Duygular","krank","","","hasta","Ich bin krank.","Hastayım.","work, a2, review"
"a2","a2_0103","A2","Geçmiş zaman","anfangen","","","başlamak","Ich fange um acht an.","Sekizde başlıyorum.","verb, work, a2, review"
"a2","a2_0104","A2","Seyahat","aufhören","","","bitirmek/durdurmak","Ich höre um fünf auf.","Beşte bitiriyorum.","verb, work, a2, review"
"a2","a2_0105","A2","Alışveriş & Hizmetler","Bus","der","Busse","otobüs","Der Bus kommt um acht.","Otobüs sekizde geliyor.","transport, a2, review"
"a2","a2_0106","A2","Sağlık","Bahnhof","der","Bahnhöfe","tren istasyonu","Wo ist der Bahnhof?","Tren istasyonu nerede?","transport, a2, review"
"a2","a2_0107","A2","İş & Kariyer","Fahrkarte","die","Fahrkarten","bilet","Ich brauche eine Fahrkarte.","Bilete ihtiyacım var.","transport, a2, review"
"a2","a2_0108","A2","Günlük rutin","Zug","der","Züge","tren","Der Zug fährt um neun.","Tren dokuzda kalkıyor.","transport, a2, review"
"a2","a2_0109","A2","Hava & Doğa","S-Bahn","die","S-Bahnen","banliyö treni","Die S-Bahn ist schnell.","Banliyö treni hızlı.","transport, a2, review"
"a2","a2_0110","A2","Duygular","U-Bahn","die","U-Bahnen","metro","Die U-Bahn ist voll.","Metro dolu.","transport, a2, review"
"a2","a2_0111","A2","Geçmiş zaman","Straßenbahn","die","Straßenbahnen","tramvay","Die Straßenbahn kommt gleich.","Tramvay hemen geliyor.","transport, a2, review"
"a2","a2_0112","A2","Seyahat","Taxi","das","Taxis","taksi","Ich nehme ein Taxi.","Taksi alıyorum.","transport, a2, review"
"a2","a2_0113","A2","Alışveriş & Hizmetler","Auto","das","Autos","araba","Das Auto ist neu.","Araba yeni.","transport, a2, review"
"a2","a2_0114","A2","Sağlık","Fahrrad","das","Fahrräder","bisiklet","Mein Fahrrad ist rot.","Bisikletim kırmızı.","transport, a2, review"
"a2","a2_0115","A2","İş & Kariyer","Flugzeug","das","Flugzeuge","uçak","Das Flugzeug startet.","Uçak kalkıyor.","transport, a2, review"
"a2","a2_0116","A2","Günlük rutin","Flughafen","der","Flughäfen","havalimanı","Der Flughafen ist weit.","Havalimanı uzak.","transport, a2, review"
"a2","a2_0117","A2","Hava & Doğa","Haltestelle","die","Haltestellen","durak","Die Haltestelle ist dort.","Durak orada.","transport, a2, review"
"a2","a2_0118","A2","Duygular","Gleis","das","Gleise","peron/ray","Das Gleis ist drei.","Peron üç.","transport, a2, review"
"a2","a2_0119","A2","Geçmiş zaman","Fahrplan","der","Fahrpläne","tarife","Wo ist der Fahrplan?","Tarife nerede?","transport, a2, review"
"a2","a2_0120","A2","Seyahat","Verspätung","die","Verspätungen","gecikme","Der Zug hat Verspätung.","Tren gecikmeli.","transport, a2, review"
"a2","a2_0121","A2","Alışveriş & Hizmetler","fahren","","","gitmek (araç)","Ich fahre mit dem Bus.","Otobüsle gidiyorum.","verb, transport, a2, review"
"a2","a2_0122","A2","Sağlık","abfahren","","","kalkmak","Der Bus fährt ab.","Otobüs kalkıyor.","verb, transport, a2, review"
"a2","a2_0123","A2","İş & Kariyer","ankommen","","","varmak","Ich komme um zehn an.","On varıyorum.","verb, transport, a2, review"
"a2","a2_0124","A2","Günlük rutin","einsteigen","","","binmek","Ich steige in den Bus ein.","Otobüse biniyorum.","verb, transport, a2, review"
"a2","a2_0125","A2","Hava & Doğa","aussteigen","","","inmek","Ich steige hier aus.","Burada iniyorum.","verb, transport, a2, review"
"a2","a2_0126","A2","Duygular","umsteigen","","","aktarma yapmak","Ich muss umsteigen.","Aktarma yapmam lazım.","verb, transport, a2, review"
"a2","a2_0127","A2","Geçmiş zaman","Straße","die","Straßen","sokak/cadde","Die Straße ist lang.","Cadde uzun.","transport, a2, review"
"a2","a2_0128","A2","Seyahat","Ampel","die","Ampeln","trafik lambası","Die Ampel ist rot.","Trafik lambası kırmızı.","transport, a2, review"
"a2","a2_0129","A2","Alışveriş & Hizmetler","Kreuzung","die","Kreuzungen","kavşak","An der Kreuzung links.","Kavşakta sola.","transport, a2, review"
"a2","a2_0130","A2","Sağlık","Brücke","die","Brücken","köprü","Die Brücke ist alt.","Köprü eski.","transport, a2, review"
"a2","a2_0131","A2","İş & Kariyer","Parkplatz","der","Parkplätze","park yeri","Wo ist der Parkplatz?","Park yeri nerede?","transport, a2, review"
"a2","a2_0132","A2","Günlük rutin","Tankstelle","die","Tankstellen","benzin istasyonu","Die Tankstelle ist dort.","Benzin istasyonu orada.","transport, a2, review"
"a2","a2_0133","A2","Hava & Doğa","Benzin","das","","benzin","Das Benzin ist teuer.","Benzin pahalı.","transport, a2, review"
"a2","a2_0134","A2","Duygular","Führerschein","der","Führerscheine","ehliyet","Mein Führerschein ist gültig.","Ehliyetim geçerli.","transport, a2, review"
"a2","a2_0135","A2","Geçmiş zaman","Ticket","das","Tickets","bilet","Ich kaufe ein Ticket.","Bilet alıyorum.","transport, a2, review"
"a2","a2_0136","A2","Seyahat","Monatskarte","die","Monatskarten","aylık bilet","Die Monatskarte kostet 80 Euro.","Aylık bilet 80 euro.","transport, a2, review"
"a2","a2_0137","A2","Alışveriş & Hizmetler","Fuß","der","Füße","ayak","Ich gehe zu Fuß.","Yürüyerek gidiyorum.","transport, a2, review"
"a2","a2_0138","A2","Sağlık","Entfernung","die","Entfernungen","mesafe","Die Entfernung ist kurz.","Mesafe kısa.","transport, a2, review"
"a2","a2_0139","A2","İş & Kariyer","Uhr","die","Uhren","saat","Wie spät ist es?","Saat kaç?","time, a2, review"
"a2","a2_0140","A2","Günlük rutin","heute","","","bugün","Heute habe ich frei.","Bugün izinliyim.","time, a2, review"
"a2","a2_0141","A2","Hava & Doğa","morgen","","","yarın","Morgen gehe ich zum Arzt.","Yarın doktora gidiyorum.","time, a2, review"
"a2","a2_0142","A2","Duygular","gestern","","","dün","Gestern war ich krank.","Dün hastaydım.","time, a2, review"
"a2","a2_0143","A2","Geçmiş zaman","jetzt","","","şimdi","Ich gehe jetzt.","Şimdi gidiyorum.","time, a2, review"
"a2","a2_0144","A2","Seyahat","später","","","sonra","Ich komme später.","Sonra geliyorum.","time, a2, review"
"a2","a2_0145","A2","Alışveriş & Hizmetler","früh","","","erken","Ich stehe früh auf.","Erken kalkıyorum.","time, a2, review"
"a2","a2_0146","A2","Sağlık","spät","","","geç","Es ist zu spät.","Çok geç.","time, a2, review"
"a2","a2_0147","A2","İş & Kariyer","Stunde","die","Stunden","saat (süre)","Eine Stunde hat 60 Minuten.","Bir saat 60 dakika.","time, a2, review"
"a2","a2_0148","A2","Günlük rutin","Minute","die","Minuten","dakika","Fünf Minuten, bitte.","Beş dakika lütfen.","time, a2, review"
"a2","a2_0149","A2","Hava & Doğa","Sekunde","die","Sekunden","saniye","Eine Sekunde!","Bir saniye!","time, a2, review"
"a2","a2_0150","A2","Duygular","Viertel","das","Viertel","çeyrek","Es ist Viertel nach drei.","Saat üçü çeyrek geçiyor.","time, a2, review"
"a2","a2_0151","A2","Geçmiş zaman","Halb","","","buçuk","Es ist halb acht.","Saat yedi buçuk.","time, a2, review"
"a2","a2_0152","A2","Seyahat","punkt","","","tam (saat)","Um acht Uhr punkt.","Tam saat sekizde.","time, a2, review"
"a2","a2_0153","A2","Alışveriş & Hizmetler","Wie spät","","","saat kaç","Wie spät ist es?","Saat kaç?","time, a2, review"
"a2","a2_0154","A2","Sağlık","Wann","","","ne zaman","Wann kommst du?","Ne zaman geliyorsun?","time, a2, review"
"a2","a2_0155","A2","İş & Kariyer","immer","","","her zaman","Ich bin immer pünktlich.","Her zaman dakikim.","time, a2, review"
"a2","a2_0156","A2","Günlük rutin","manchmal","","","bazen","Ich komme manchmal spät.","Bazen geç geliyorum.","time, a2, review"
"a2","a2_0157","A2","Hava & Doğa","nie","","","asla","Ich komme nie zu spät.","Asla geç kalmam.","time, a2, review"
"a2","a2_0158","A2","Duygular","oft","","","sık sık","Ich arbeite oft am Wochenende.","Sık sık hafta sonu çalışırım.","time, a2, review"
"a2","a2_0159","A2","Geçmiş zaman","selten","","","nadiren","Ich bin selten krank.","Nadiren hastayım.","time, a2, review"
"a2","a2_0160","A2","Seyahat","pünktlich","","","dakik","Sei pünktlich!","Dakik ol!","time, a2, review"
"a2","a2_0161","A2","Alışveriş & Hizmetler","Zeit","die","Zeiten","zaman","Ich habe keine Zeit.","Vaktim yok.","time, a2, review"
"a2","a2_0162","A2","Sağlık","Arbeitszeit","die","Arbeitszeiten","çalışma saati","Meine Arbeitszeit ist acht Stunden.","Çalışma saatim sekiz.","time, a2, review"
"a2","a2_0163","A2","İş & Kariyer","Feierabend","der","","iş bitimi","Um fünf ist Feierabend.","Beşte iş bitiyor.","time, a2, review"
"a2","a2_0164","A2","Günlük rutin","Nacht","die","Nächte","gece","In der Nacht schlafe ich.","Gece uyurum.","time, a2, review"
"a2","a2_0165","A2","Hava & Doğa","Mittag","der","Mittage","öğle","Am Mittag esse ich.","Öğle yemek yerim.","time, a2, review"
"a2","a2_0166","A2","Duygular","Nachmittag","der","Nachmittage","öğleden sonra","Am Nachmittag arbeite ich.","Öğleden sonra çalışırım.","time, a2, review"
"a2","a2_0167","A2","Geçmiş zaman","Vormittag","der","Vormittage","sabah (öğleden önce)","Am Vormittag lerne ich.","Sabah öğrenirim.","time, a2, review"
"a2","a2_0168","A2","Seyahat","Wochenende","das","Wochenenden","hafta sonu","Am Wochenende ruhe ich.","Hafta sonu dinlenirim.","time, a2, review"
"a2","a2_0169","A2","Alışveriş & Hizmetler","Wochentag","der","Wochentage","hafta içi günü","Montag ist ein Wochentag.","Pazartesi hafta içi.","time, a2, review"
"a2","a2_0170","A2","Sağlık","Uhrzeit","die","Uhrzeiten","saat (zaman)","Die Uhrzeit ist wichtig.","Saat önemli.","time, a2, review"
"a2","a2_0171","A2","İş & Kariyer","schon","","","zaten/çoktan","Es ist schon spät.","Zaten geç oldu.","time, a2, review"
"a2","a2_0172","A2","Günlük rutin","noch","","","henüz/daha","Ich habe noch Zeit.","Daha vaktim var.","time, a2, review"
"a2","a2_0173","A2","Hava & Doğa","Montag","der","Montage","pazartesi","Am Montag arbeite ich.","Pazartesi çalışırım.","date, a2, review"
"a2","a2_0174","A2","Duygular","Dienstag","der","Dienstage","salı","Am Dienstag habe ich Kurs.","Salı kursum var.","date, a2, review"
"a2","a2_0175","A2","Geçmiş zaman","Mittwoch","der","Mittwoche","çarşamba","Am Mittwoch ist Markt.","Çarşamba pazar var.","date, a2, review"
"a2","a2_0176","A2","Seyahat","Donnerstag","der","Donnerstage","perşembe","Am Donnerstag gehe ich zum Arzt.","Perşembe doktora giderim.","date, a2, review"
"a2","a2_0177","A2","Alışveriş & Hizmetler","Freitag","der","Freitage","cuma","Am Freitag mache ich Feierabend früh.","Cuma erken çıkarım.","date, a2, review"
"a2","a2_0178","A2","Sağlık","Samstag","der","Samstage","cumartesi","Am Samstag schlafe ich lang.","Cumartesi geç uyurum.","date, a2, review"
"a2","a2_0179","A2","İş & Kariyer","Sonntag","der","Sonntage","pazar","Am Sonntag ruhe ich.","Pazar dinlenirim.","date, a2, review"
"a2","a2_0180","A2","Günlük rutin","Jahr","das","Jahre","yıl","Ich bin 25 Jahre alt.","25 yaşındayım.","date, a2, review"
"a2","a2_0181","A2","Hava & Doğa","Geburtstag","der","Geburtstage","doğum günü","Mein Geburtstag ist im Mai.","Doğum günüm Mayıs'ta.","date, a2, review"
"a2","a2_0182","A2","Duygular","Monat","der","Monate","ay","Der Monat ist März.","Ay Mart.","date, a2, review"
"a2","a2_0183","A2","Geçmiş zaman","Januar","der","","ocak","Im Januar ist es kalt.","Ocak soğuk.","date, a2, review"
"a2","a2_0184","A2","Seyahat","Februar","der","","şubat","Der Februar ist kurz.","Şubat kısa.","date, a2, review"
"a2","a2_0185","A2","Alışveriş & Hizmetler","März","der","","mart","Im März beginnt der Frühling.","Mart'ta bahar başlar.","date, a2, review"
"a2","a2_0186","A2","Sağlık","April","der","","nisan","Im April regnet es.","Nisan yağmurlu.","date, a2, review"
"a2","a2_0187","A2","İş & Kariyer","Mai","der","","mayıs","Im Mai blühen Blumen.","Mayıs'ta çiçekler açar.","date, a2, review"
"a2","a2_0188","A2","Günlük rutin","Juni","der","","haziran","Im Juni ist es warm.","Haziran sıcak.","date, a2, review"
"a2","a2_0189","A2","Hava & Doğa","Juli","der","","temmuz","Im Juli fahre ich in Urlaub.","Temmuz tatil.","date, a2, review"
"a2","a2_0190","A2","Duygular","August","der","","ağustos","Im August ist es heiß.","Ağustos sıcak.","date, a2, review"
"a2","a2_0191","A2","Geçmiş zaman","September","der","","eylül","Im September beginnt die Schule.","Eylül okul başlar.","date, a2, review"
"a2","a2_0192","A2","Seyahat","Oktober","der","","ekim","Im Oktober ist es kühl.","Ekim serin.","date, a2, review"
"a2","a2_0193","A2","Alışveriş & Hizmetler","November","der","","kasım","Im November regnet es viel.","Kasım çok yağmurlu.","date, a2, review"
"a2","a2_0194","A2","Sağlık","Dezember","der","","aralık","Im Dezember ist Weihnachten.","Aralık'ta Noel var.","date, a2, review"
"a2","a2_0195","A2","İş & Kariyer","Frühling","der","","ilkbahar","Im Frühling ist es schön.","İlkbahar güzel.","date, a2, review"
"a2","a2_0196","A2","Günlük rutin","Sommer","der","","yaz","Im Sommer ist es heiß.","Yaz sıcak.","date, a2, review"
"a2","a2_0197","A2","Hava & Doğa","Herbst","der","","sonbahar","Im Herbst fallen Blätter.","Sonbahar yapraklar düşer.","date, a2, review"
"a2","a2_0198","A2","Duygular","Winter","der","","kış","Im Winter schneit es.","Kış kar yağar.","date, a2, review"
"a2","a2_0199","A2","Geçmiş zaman","Woche","die","Wochen","hafta","Nächste Woche habe ich Prüfung.","Gelecek hafta sınavım var.","date, a2, review"
"a2","a2_0200","A2","Seyahat","Tag","der","Tage","gün","Heute ist ein guter Tag.","Bugün iyi bir gün.","date, a2, review"
"a2","a2_0201","A2","Alışveriş & Hizmetler","Kalender","der","Kalender","takvim","Der Kalender hängt an der Wand.","Takvim duvarda.","date, a2, review"
"a2","a2_0202","A2","Sağlık","Feiertag","der","Feiertage","resmi tatil","Morgen ist Feiertag.","Yarın resmi tatil.","date, a2, review"
"a2","a2_0203","A2","İş & Kariyer","Weihnachten","","","Noel","Weihnachten ist im Dezember.","Noel Aralık'ta.","date, a2, review"
"a2","a2_0204","A2","Günlük rutin","Ostern","","","Paskalya","Ostern ist im Frühling.","Paskalya ilkbaharda.","date, a2, review"
"a2","a2_0205","A2","Hava & Doğa","Silvester","der","","yılbaşı gecesi","An Silvester feiern wir.","Yılbaşı gecesi kutlarız.","date, a2, review"
"a2","a2_0206","A2","Duygular","Arzt","der","Ärzte","doktor","Ich gehe zum Arzt.","Doktora gidiyorum.","health, a2, review"
"a2","a2_0207","A2","Geçmiş zaman","Krankheit","die","Krankheiten","hastalık","Ich habe eine Krankheit.","Hastalığım var.","health, a2, review"
"a2","a2_0208","A2","Seyahat","Schmerzen","die","","ağrı","Ich habe Schmerzen.","Ağrım var.","health, a2, review"
"a2","a2_0209","A2","Alışveriş & Hizmetler","Krankenhaus","das","Krankenhäuser","hastane","Das Krankenhaus ist groß.","Hastane büyük.","health, a2, review"
"a2","a2_0210","A2","Sağlık","Apotheke","die","Apotheken","eczane","Die Apotheke ist offen.","Eczane açık.","health, a2, review"
"a2","a2_0211","A2","İş & Kariyer","Medikament","das","Medikamente","ilaç","Ich brauche Medikamente.","İlaç lazım.","health, a2, review"
"a2","a2_0212","A2","Günlük rutin","Rezept","das","Rezepte","reçete","Der Arzt schreibt ein Rezept.","Doktor reçete yazıyor.","health, a2, review"
"a2","a2_0213","A2","Hava & Doğa","Termin","der","Termine","randevu","Ich habe einen Termin beim Arzt.","Doktor randevum var.","health, a2, review"
"a2","a2_0214","A2","Duygular","Notfall","der","Notfälle","acil durum","Das ist ein Notfall!","Bu acil!","health, a2, review"
"a2","a2_0215","A2","Geçmiş zaman","Kopfschmerzen","die","","baş ağrısı","Ich habe Kopfschmerzen.","Başım ağrıyor.","health, a2, review"
"a2","a2_0216","A2","Seyahat","Bauchschmerzen","die","","karın ağrısı","Ich habe Bauchschmerzen.","Karnım ağrıyor.","health, a2, review"
"a2","a2_0217","A2","Alışveriş & Hizmetler","Fieber","das","","ateş","Ich habe Fieber.","Ateşim var.","health, a2, review"
"a2","a2_0218","A2","Sağlık","Husten","der","","öksürük","Ich habe Husten.","Öksürüyorum.","health, a2, review"
"a2","a2_0219","A2","İş & Kariyer","Schnupfen","der","","nezle","Ich habe Schnupfen.","Nezleyim.","health, a2, review"
"a2","a2_0220","A2","Günlük rutin","Allergie","die","Allergien","alerji","Ich habe eine Allergie.","Alerjim var.","health, a2, review"
"a2","a2_0221","A2","Hava & Doğa","Impfung","die","Impfungen","aşı","Ich brauche eine Impfung.","Aşı lazım.","health, a2, review"
"a2","a2_0222","A2","Duygular","Blut","das","","kan","Das Blut ist rot.","Kan kırmızı.","health, a2, review"
"a2","a2_0223","A2","Geçmiş zaman","Herz","das","Herzen","kalp","Mein Herz schlägt schnell.","Kalbim hızlı atıyor.","health, a2, review"
"a2","a2_0224","A2","Seyahat","Rücken","der","Rücken","sırt","Mein Rücken tut weh.","Sırtım ağrıyor.","health, a2, review"
"a2","a2_0225","A2","Alışveriş & Hizmetler","Kopf","der","Köpfe","kafa/baş","Mein Kopf tut weh.","Başım ağrıyor.","health, a2, review"
"a2","a2_0226","A2","Sağlık","Hand","die","Hände","el","Meine Hand ist verletzt.","Elim yaralandı.","health, a2, review"
"a2","a2_0227","A2","İş & Kariyer","Fuß","der","Füße","ayak","Mein Fuß tut weh.","Ayağım ağrıyor.","health, a2, review"
"a2","a2_0228","A2","Günlük rutin","Auge","das","Augen","göz","Mein Auge ist rot.","Gözüm kırmızı.","health, a2, review"
"a2","a2_0229","A2","Hava & Doğa","Zahn","der","Zähne","diş","Mein Zahn tut weh.","Dişim ağrıyor.","health, a2, review"
"a2","a2_0230","A2","Duygular","Zahnarzt","der","Zahnärzte","diş hekimi","Ich gehe zum Zahnarzt.","Diş hekimine gidiyorum.","health, a2, review"
"a2","a2_0231","A2","Geçmiş zaman","Krankenversicherung","die","Krankenversicherungen","sağlık sigortası","Ich habe eine Krankenversicherung.","Sağlık sigortam var.","health, a2, review"
"a2","a2_0232","A2","Seyahat","Krankmeldung","die","Krankmeldungen","rapor","Ich brauche eine Krankmeldung.","Rapor lazım.","health, a2, review"
"a2","a2_0233","A2","Alışveriş & Hizmetler","gesund","","","sağlıklı","Ich bin gesund.","Sağlıklıyım.","health, a2, review"
"a2","a2_0234","A2","Sağlık","krank","","","hasta","Ich bin krank.","Hastayım.","health, a2, review"
"a2","a2_0235","A2","İş & Kariyer","müde","","","yorgun","Ich bin müde.","Yorgunum.","health, a2, review"
"a2","a2_0236","A2","Günlük rutin","schwach","","","zayıf/güçsüz","Ich fühle mich schwach.","Güçsüz hissediyorum.","health, a2, review"
"a2","a2_0237","A2","Hava & Doğa","besser","","","daha iyi","Es geht mir besser.","Daha iyiyim.","health, a2, review"
"a2","a2_0238","A2","Duygular","schlecht","","","kötü","Mir geht es schlecht.","Kendimi kötü hissediyorum.","health, a2, review"
"a2","a2_0239","A2","Geçmiş zaman","Hilfe","die","","yardım","Ich brauche Hilfe!","Yardım lazım!","health, a2, review"
"a2","a2_0240","A2","Seyahat","Speisekarte","die","Speisekarten","menü","Die Speisekarte, bitte.","Menü lütfen.","restaurant, a2, review"
"a2","a2_0241","A2","Alışveriş & Hizmetler","Wasser","das","","su","Ein Wasser, bitte.","Bir su lütfen.","restaurant, a2, review"
"a2","a2_0242","A2","Sağlık","bestellen","","","sipariş vermek","Ich möchte bestellen.","Sipariş vermek istiyorum.","verb, restaurant, a2, review"
"a2","a2_0243","A2","İş & Kariyer","Restaurant","das","Restaurants","restoran","Das Restaurant ist voll.","Restoran dolu.","restaurant, a2, review"
"a2","a2_0244","A2","Günlük rutin","Café","das","Cafés","kafe","Das Café ist gemütlich.","Kafe rahat.","restaurant, a2, review"
"a2","a2_0245","A2","Hava & Doğa","Kellner","der","Kellner","garson (erkek)","Der Kellner kommt.","Garson geliyor.","restaurant, a2, review"
"a2","a2_0246","A2","Duygular","Kellnerin","die","Kellnerinnen","garson (kadın)","Die Kellnerin ist nett.","Garson kız nazik.","restaurant, a2, review"
"a2","a2_0247","A2","Geçmiş zaman","Tisch","der","Tische","masa","Ein Tisch für zwei, bitte.","İki kişilik masa lütfen.","restaurant, a2, review"
"a2","a2_0248","A2","Seyahat","Reservierung","die","Reservierungen","rezervasyon","Ich habe eine Reservierung.","Rezervasyonum var.","restaurant, a2, review"
"a2","a2_0249","A2","Alışveriş & Hizmetler","Frühstück","das","Frühstücke","kahvaltı","Das Frühstück ist gut.","Kahvaltı iyi.","restaurant, food, a2, review"
"a2","a2_0250","A2","Sağlık","Mittagessen","das","Mittagessen","öğle yemeği","Das Mittagessen ist um zwölf.","Öğle yemeği on iki.","restaurant, food, a2, review"
"a2","a2_0251","A2","İş & Kariyer","Abendessen","das","Abendessen","akşam yemeği","Das Abendessen ist um sieben.","Akşam yemeği yedi.","restaurant, food, a2, review"
"a2","a2_0252","A2","Günlük rutin","Suppe","die","Suppen","çorba","Die Suppe ist heiß.","Çorba sıcak.","food, restaurant, a2, review"
"a2","a2_0253","A2","Hava & Doğa","Salat","der","Salate","salata","Der Salat ist frisch.","Salata taze.","food, restaurant, a2, review"
"a2","a2_0254","A2","Duygular","Pizza","die","Pizzen","pizza","Die Pizza ist lecker.","Pizza lezzetli.","food, restaurant, a2, review"
"a2","a2_0255","A2","Geçmiş zaman","Schnitzel","das","Schnitzel","schnitzel","Das Schnitzel ist groß.","Schnitzel büyük.","food, restaurant, a2, review"
"a2","a2_0256","A2","Seyahat","Wurst","die","Würste","sosis","Die Wurst ist gut.","Sosis iyi.","food, restaurant, a2, review"
"a2","a2_0257","A2","Alışveriş & Hizmetler","Kartoffel","die","Kartoffeln","patates","Die Kartoffeln sind heiß.","Patatesler sıcak.","food, restaurant, a2, review"
"a2","a2_0258","A2","Sağlık","Rechnung","die","Rechnungen","hesap/fatura","Die Rechnung, bitte.","Hesap lütfen.","restaurant, a2, review"
"a2","a2_0259","A2","İş & Kariyer","Trinkgeld","das","Trinkgelder","bahşiş","Ich gebe Trinkgeld.","Bahşiş veriyorum.","restaurant, a2, review"
"a2","a2_0260","A2","Günlük rutin","hungrig","","","aç","Ich bin hungrig.","Açım.","restaurant, a2, review"
"a2","a2_0261","A2","Hava & Doğa","satt","","","tok","Ich bin satt.","Tokum.","restaurant, a2, review"
"a2","a2_0262","A2","Duygular","durstig","","","susuz","Ich bin durstig.","Susadım.","restaurant, a2, review"
"a2","a2_0263","A2","Geçmiş zaman","lecker","","","lezzetli","Das Essen ist lecker.","Yemek lezzetli.","restaurant, a2, review"
"a2","a2_0264","A2","Seyahat","Essen","das","","yemek","Das Essen ist fertig.","Yemek hazır.","food, restaurant, a2, review"
"a2","a2_0265","A2","Alışveriş & Hizmetler","Trinken","das","","içecek","Zum Trinken bestelle ich Saft.","İçecek olarak meyve suyu.","restaurant, a2, review"
"a2","a2_0266","A2","Sağlık","vegetarisch","","","vejetaryen","Ist das vegetarisch?","Bu vejetaryen mi?","restaurant, a2, review"
"a2","a2_0267","A2","İş & Kariyer","Allergie","die","Allergien","alerji","Ich habe eine Nussallergie.","Fındık alerjim var.","restaurant, a2, review"
"a2","a2_0268","A2","Günlük rutin","ohne","","","sizsiz/olmadan","Ohne Zwiebeln, bitte.","Soğansız lütfen.","restaurant, a2, review"
"a2","a2_0269","A2","Hava & Doğa","mit","","","ile","Mit Käse, bitte.","Peynirli lütfen.","restaurant, a2, review"
"a2","a2_0270","A2","Duygular","noch","","","bir daha/daha","Noch ein Brot, bitte.","Bir ekmek daha lütfen.","restaurant, a2, review"
"a2","a2_0271","A2","Geçmiş zaman","fertig","","","hazır","Das Essen ist fertig.","Yemek hazır.","restaurant, a2, review"
"a2","a2_0272","A2","Seyahat","warm","","","sıcak","Das Essen ist warm.","Yemek sıcak.","restaurant, a2, review"
"a2","a2_0273","A2","Alışveriş & Hizmetler","kalt","","","soğuk","Das Wasser ist kalt.","Su soğuk.","restaurant, a2, review"
"a2","a2_0274","A2","Sağlık","Telefon","das","Telefone","telefon","Mein Telefon klingelt.","Telefonum çalıyor.","phone, a2, review"
"a2","a2_0275","A2","İş & Kariyer","anrufen","","","aramak","Ich rufe dich an.","Seni arıyorum.","verb, phone, a2, review"
"a2","a2_0276","A2","Günlük rutin","Nachricht","die","Nachrichten","mesaj","Ich schreibe eine Nachricht.","Mesaj yazıyorum.","phone, a2, review"
"a2","a2_0277","A2","Hava & Doğa","Handy","das","Handys","cep telefonu","Mein Handy ist neu.","Cep telefonum yeni.","phone, a2, review"
"a2","a2_0278","A2","Duygular","Nummer","die","Nummern","numara","Wie ist deine Nummer?","Numaran ne?","phone, a2, review"
"a2","a2_0279","A2","Geçmiş zaman","Anruf","der","Anrufe","arama","Ich bekomme einen Anruf.","Arama alıyorum.","phone, a2, review"
"a2","a2_0280","A2","Seyahat","Anrufbeantworter","der","Anrufbeantworter","telesekreter","Hinterlassen Sie eine Nachricht.","Mesaj bırakın.","phone, a2, review"
"a2","a2_0281","A2","Alışveriş & Hizmetler","besetzt","","","meşgul","Die Leitung ist besetzt.","Hat meşgul.","phone, a2, review"
"a2","a2_0282","A2","Sağlık","SMS","die","SMS","SMS","Ich schicke eine SMS.","SMS gönderiyorum.","phone, a2, review"
"a2","a2_0283","A2","İş & Kariyer","Kurznachricht","die","Kurznachrichten","kısa mesaj","Ich schreibe eine Kurznachricht.","Kısa mesaj yazıyorum.","phone, a2, review"
"a2","a2_0284","A2","Günlük rutin","Internet","das","","internet","Das Internet ist langsam.","İnternet yavaş.","phone, a2, review"
"a2","a2_0285","A2","Hava & Doğa","WLAN","das","","wifi","Das WLAN ist kostenlos.","WiFi ücretsiz.","phone, a2, review"
"a2","a2_0286","A2","Duygular","Passwort","das","Passwörter","şifre","Das Passwort ist geheim.","Şifre gizli.","phone, a2, review"
"a2","a2_0287","A2","Geçmiş zaman","E-Mail","die","E-Mails","e-posta","Ich schicke eine E-Mail.","E-posta gönderiyorum.","phone, a2, review"
"a2","a2_0288","A2","Seyahat","schicken","","","göndermek","Ich schicke dir eine Nachricht.","Sana mesaj gönderiyorum.","verb, phone, a2, review"
"a2","a2_0289","A2","Alışveriş & Hizmetler","empfangen","","","almak","Ich empfange eine Nachricht.","Mesaj alıyorum.","verb, phone, a2, review"
"a2","a2_0290","A2","Sağlık","antworten","","","cevaplamak","Ich antworte schnell.","Hızlı cevaplıyorum.","verb, phone, a2, review"
"a2","a2_0291","A2","İş & Kariyer","sprechen","","","konuşmak","Kann ich bitte sprechen?","Konuşabilir miyim?","verb, phone, a2, review"
"a2","a2_0292","A2","Günlük rutin","auflegen","","","telefonu kapatmak","Ich lege auf.","Telefonu kapatıyorum.","verb, phone, a2, review"
"a2","a2_0293","A2","Hava & Doğa","Warten","","","beklemek","Bitte warten Sie.","Lütfen bekleyin.","phone, a2, review"
"a2","a2_0294","A2","Duygular","Verbindung","die","Verbindungen","bağlantı","Die Verbindung ist schlecht.","Bağlantı kötü.","phone, a2, review"
"a2","a2_0295","A2","Geçmiş zaman","Kontakt","der","Kontakte","kişi/iletişim","Ich speichere den Kontakt.","Kişiyi kaydediyorum.","phone, a2, review"
"a2","a2_0296","A2","Seyahat","Foto","das","Fotos","fotoğraf","Ich schicke ein Foto.","Fotoğraf gönderiyorum.","phone, a2, review"
"a2","a2_0297","A2","Alışveriş & Hizmetler","Video","das","Videos","video","Wir machen ein Video.","Video yapıyoruz.","phone, a2, review"
"a2","a2_0298","A2","Sağlık","Anrufliste","die","Anruflisten","arama listesi","Die Anrufliste ist lang.","Arama listesi uzun.","phone, a2, review"
"a2","a2_0299","A2","İş & Kariyer","laut","","","yüksek sesli","Das Telefon ist laut.","Telefon yüksek.","phone, a2, review"
"a2","a2_0300","A2","Günlük rutin","leise","","","sessiz/alçak","Bitte leise sprechen.","Alçak konuşun lütfen.","phone, a2, review"
"a2","a2_0301","A2","Hava & Doğa","stumm","","","sessiz mod","Mein Handy ist stumm.","Telefonum sessizde.","phone, a2, review"
"a2","a2_0302","A2","Duygular","Akku","der","Akkus","pil/şarj","Der Akku ist leer.","Pil bitti.","phone, a2, review"
"a2","a2_0303","A2","Geçmiş zaman","laden","","","şarj etmek","Ich lade mein Handy.","Telefonumu şarj ediyorum.","verb, phone, a2, review"
"a2","a2_0304","A2","Seyahat","Anwendung","die","Anwendungen","uygulama","Ich lade die Anwendung herunter.","Uygulamayı indiriyorum.","phone, a2, review"
"a2","a2_0305","A2","Alışveriş & Hizmetler","Fehler","der","Fehler","hata","Es gibt einen Fehler.","Hata var.","phone, a2, review"
"a2","a2_0306","A2","Sağlık","funktionieren","","","çalışmak","Das Telefon funktioniert nicht.","Telefon çalışmıyor.","verb, phone, a2, review"
"a2","a2_0307","A2","İş & Kariyer","reparieren","","","tamir etmek","Ich repariere das Handy.","Telefonu tamir ediyorum.","verb, phone, a2, review"
"a2","a2_0308","A2","Günlük rutin","Formular","das","Formulare","form","Ich fülle das Formular aus.","Formu dolduruyorum.","form, a2, review"
"a2","a2_0309","A2","Hava & Doğa","Adresse","die","Adressen","adres","Meine Adresse ist Hauptstraße 5.","Adresim Hauptstraße 5.","form, a2, review"
"a2","a2_0310","A2","Duygular","Geburtsdatum","das","Geburtsdaten","doğum tarihi","Mein Geburtsdatum ist der 1. Januar.","Doğum tarihim 1 Ocak.","form, a2, review"
"a2","a2_0311","A2","Geçmiş zaman","Unterschrift","die","Unterschriften","imza","Hier ist meine Unterschrift.","İşte imzam.","form, a2, review"
"a2","a2_0312","A2","Seyahat","Name","der","Namen","isim","Mein Name ist Timur.","Adım Timur.","form, a2, review"
"a2","a2_0313","A2","Alışveriş & Hizmetler","Vorname","der","Vornamen","ad","Vorname: Timur","Ad: Timur","form, a2, review"
"a2","a2_0314","A2","Sağlık","Nachname","der","Nachnamen","soyad","Nachname: Yilmaz","Soyad: Yılmaz","form, a2, review"
"a2","a2_0315","A2","İş & Kariyer","Geburtsort","der","Geburtsorte","doğum yeri","Mein Geburtsort ist Istanbul.","Doğum yerim İstanbul.","form, a2, review"
"a2","a2_0316","A2","Günlük rutin","Staatsangehörigkeit","die","Staatsangehörigkeiten","vatandaşlık","Meine Staatsangehörigkeit ist türkisch.","Vatandaşlığım Türk.","form, a2, review"
"a2","a2_0317","A2","Hava & Doğa","Geschlecht","das","","cinsiyet","Geschlecht: männlich","Cinsiyet: erkek","form, a2, review"
"a2","a2_0318","A2","Duygular","männlich","","","erkek","Ich bin männlich.","Erkeğim.","form, a2, review"
"a2","a2_0319","A2","Geçmiş zaman","weiblich","","","kadın","Sie ist weiblich.","Kadın.","form, a2, review"
"a2","a2_0320","A2","Seyahat","Familienstand","der","Familienstände","medeni hal","Mein Familienstand ist ledig.","Medeni halim bekar.","form, a2, review"
"a2","a2_0321","A2","Seyahat","der Bahnhof","der","Bahnhöfe","tren istasyonu","Der Bahnhof ist groß.","İstasyon büyük.","travel, a2"
"a2","a2_0322","A2","Seyahat","die Fahrkarte","die","Fahrkarten","bilet","Ich kaufe eine Fahrkarte.","Bilet alıyorum.","travel, a2"
"a2","a2_0323","A2","Seyahat","der Anschluss","der","Anschlüsse","aktarma","Ich habe einen Anschluss in München.","Münih'te aktarmam var.","travel, a2"
"a2","a2_0324","A2","Seyahat","die Verspätung","die","Verspätungen","gecikme","Der Zug hat Verspätung.","Tren gecikmeli.","travel, a2"
"a2","a2_0325","A2","Seyahat","abfahren","","","hareket etmek","Der Zug fährt um acht ab.","Tren saat sekizde kalkıyor.","travel, verb, a2"
"a2","a2_0326","A2","Seyahat","ankommen","","","varmak","Wir kommen um zehn an.","Saat onda varıyoruz.","travel, verb, a2"
"a2","a2_0327","A2","Seyahat","die Reise","die","Reisen","seyahat","Die Reise war schön.","Seyahat güzeldi.","travel, a2"
"a2","a2_0328","A2","Seyahat","der Koffer","der","Koffer","bavul","Mein Koffer ist schwer.","Bavulum ağır.","travel, a2"
"a2","a2_0329","A2","Seyahat","einsteigen","","","binmek","Bitte schnell einsteigen!","Lütfen hızlı binin!","travel, verb, a2"
"a2","a2_0330","A2","Seyahat","aussteigen","","","inmek","An der nächsten Haltestelle steige ich aus.","Bir sonraki durakta iniyorum.","travel, verb, a2"
"a2","a2_0331","A2","Alışveriş & Hizmetler","die Quittung","die","Quittungen","fiş","Kann ich eine Quittung haben?","Fiş alabilir miyim?","shopping, a2"
"a2","a2_0332","A2","Alışveriş & Hizmetler","umtauschen","","","değiştirmek","Ich möchte das Hemd umtauschen.","Gömleği değiştirmek istiyorum.","shopping, verb, a2"
"a2","a2_0333","A2","Alışveriş & Hizmetler","die Größe","die","Größen","beden","Welche Größe haben Sie?","Hangi bedeniniz var?","shopping, a2"
"a2","a2_0334","A2","Alışveriş & Hizmetler","die Reparatur","die","Reparaturen","tamir","Die Reparatur dauert zwei Tage.","Tamir iki gün sürer.","shopping, a2"
"a2","a2_0335","A2","Alışveriş & Hizmetler","die Garantie","die","Garantien","garanti","Die Garantie ist zwei Jahre.","Garanti iki yıl.","shopping, a2"
"a2","a2_0336","A2","Alışveriş & Hizmetler","bestellen","","","sipariş etmek","Ich bestelle eine Pizza.","Pizza sipariş ediyorum.","shopping, verb, a2"
"a2","a2_0337","A2","Alışveriş & Hizmetler","liefern","","","teslim etmek","Sie liefern bis morgen.","Yarın kadar teslim ediyorlar.","shopping, verb, a2"
"a2","a2_0338","A2","Alışveriş & Hizmetler","der Rabatt","der","Rabatte","indirim","Heute gibt es zehn Prozent Rabatt.","Bugün yüzde on indirim var.","shopping, a2"
"a2","a2_0339","A2","Alışveriş & Hizmetler","die Kasse","die","Kassen","kasa","An der Kasse bitte.","Kasada lütfen.","shopping, a2"
"a2","a2_0340","A2","Alışveriş & Hizmetler","bar bezahlen","","","nakit ödemek","Kann ich bar bezahlen?","Nakit ödeyebilir miyim?","shopping, a2"
"a2","a2_0341","A2","Sağlık","das Rezept","das","Rezepte","reçete","Der Arzt schreibt ein Rezept.","Doktor reçete yazıyor.","health, a2"
"a2","a2_0342","A2","Sağlık","die Apotheke","die","Apotheken","eczane","Die Apotheke ist neben dem Krankenhaus.","Eczane hastanenin yanında.","health, a2"
"a2","a2_0343","A2","Sağlık","die Untersuchung","die","Untersuchungen","muayene","Die Untersuchung dauert zwanzig Minuten.","Muayene yirmi dakika sürer.","health, a2"
"a2","a2_0344","A2","Sağlık","sich erkälten","","","soğuk algınlığına yakalanmak","Ich habe mich erkältet.","Soğuk algınlığına yakalandım.","health, verb, a2"
"a2","a2_0345","A2","Sağlık","die Tablette","die","Tabletten","tablet","Nehmen Sie drei Tabletten täglich.","Günde üç tablet alın.","health, a2"
"a2","a2_0346","A2","Sağlık","der Termin","der","Termine","randevu","Mein Termin ist um vierzehn Uhr.","Randevum saat on dört.","health, a2"
"a2","a2_0347","A2","Sağlık","die Versicherung","die","Versicherungen","sigorta","Haben Sie eine Krankenversicherung?","Sağlık sigortanız var mı?","health, a2"
"a2","a2_0348","A2","Sağlık","sich fühlen","","","hissetmek","Ich fühle mich besser.","Kendimi daha iyi hissediyorum.","health, verb, a2"
"a2","a2_0349","A2","Sağlık","die Schmerzen","die","Schmerzen","ağrılar","Ich habe Schmerzen im Rücken.","Sırtımda ağrı var.","health, a2"
"a2","a2_0350","A2","Sağlık","die Impfung","die","Impfungen","aşı","Die Impfung ist wichtig.","Aşı önemli.","health, a2"
"a2","a2_0351","A2","İş & Kariyer","das Vorstellungsgespräch","das","Vorstellungsgespräche","iş görüşmesi","Das Vorstellungsgespräch ist morgen.","İş görüşmesi yarın.","work, a2"
"a2","a2_0352","A2","İş & Kariyer","der Lebenslauf","der","Lebensläufe","özgeçmiş","Bitte schicken Sie Ihren Lebenslauf.","Lütfen özgeçmişinizi gönderin.","work, a2"
"a2","a2_0353","A2","İş & Kariyer","die Bewerbung","die","Bewerbungen","başvuru","Meine Bewerbung ist fertig.","Başvurum hazır.","work, a2"
"a2","a2_0354","A2","İş & Kariyer","der Kollege","der","Kollegen","iş arkadaşı (erkek)","Mein Kollege ist nett.","İş arkadaşım nazik.","work, a2"
"a2","a2_0355","A2","İş & Kariyer","die Kollegin","die","Kolleginnen","iş arkadaşı (kadın)","Meine Kollegin hilft mir.","İş arkadaşım bana yardım ediyor.","work, a2"
"a2","a2_0356","A2","İş & Kariyer","die Überstunde","die","Überstunden","fazla mesai","Ich mache heute Überstunden.","Bugün fazla mesai yapıyorum.","work, a2"
"a2","a2_0357","A2","İş & Kariyer","kündigen","","","istifa etmek / feshetmek","Er hat gekündigt.","İstifa etti.","work, verb, a2"
"a2","a2_0358","A2","İş & Kariyer","einstellen","","","işe almak","Die Firma stellt neue Leute ein.","Firma yeni insanlar işe alıyor.","work, verb, a2"
"a2","a2_0359","A2","İş & Kariyer","der Vertrag","der","Verträge","sözleşme","Der Vertrag ist unterschrieben.","Sözleşme imzalandı.","work, a2"
"a2","a2_0360","A2","İş & Kariyer","die Erfahrung","die","Erfahrungen","deneyim","Ich habe viel Erfahrung.","Çok deneyimim var.","work, a2"
"a2","a2_0361","A2","Günlük rutin","frühstücken","","","kahvaltı yapmak","Ich frühstücke um sieben.","Saat yedide kahvaltı yapıyorum.","routine, verb, a2"
"a2","a2_0362","A2","Günlük rutin","sich anziehen","","","giyinmek","Ich ziehe mich schnell an.","Hızlı giyiniyorum.","routine, verb, a2"
"a2","a2_0363","A2","Günlük rutin","putzen","","","temizlemek","Am Samstag putze ich die Wohnung.","Cumartesi daireyi temizliyorum.","routine, verb, a2"
"a2","a2_0364","A2","Günlük rutin","die Wäsche","die","","çamaşır","Ich wasche die Wäsche.","Çamaşır yıkıyorum.","routine, a2"
"a2","a2_0365","A2","Günlük rutin","einkaufen gehen","","","alışverişe gitmek","Am Abend gehe ich einkaufen.","Akşam alışverişe gidiyorum.","routine, a2"
"a2","a2_0366","A2","Günlük rutin","sich ausruhen","","","dinlenmek","Nach der Arbeit ruhe ich mich aus.","İşten sonra dinleniyorum.","routine, verb, a2"
"a2","a2_0367","A2","Günlük rutin","aufräumen","","","toplamak / düzenlemek","Die Kinder räumen ihr Zimmer auf.","Çocuklar odalarını topluyor.","routine, verb, a2"
"a2","a2_0368","A2","Günlük rutin","die Pause","die","Pausen","mola","In der Pause trinke ich Kaffee.","Molada kahve içiyorum.","routine, a2"
"a2","a2_0369","A2","Günlük rutin","pünktlich","","","dakik","Er ist immer pünktlich.","O her zaman dakik.","routine, a2"
"a2","a2_0370","A2","Günlük rutin","verschlafen","","","uyuyakalmak","Ich habe heute verschlafen.","Bugün uyuyakaldım.","routine, verb, a2"
"a2","a2_0371","A2","Hava & Doğa","regnen","","","yağmur yağmak","Es regnet heute.","Bugün yağmur yağıyor.","weather, verb, a2"
"a2","a2_0372","A2","Hava & Doğa","schneien","","","kar yağmak","Im Winter schneit es oft.","Kışın sık kar yağar.","weather, verb, a2"
"a2","a2_0373","A2","Hava & Doğa","die Sonne","die","","güneş","Die Sonne scheint.","Güneş parlıyor.","weather, a2"
"a2","a2_0374","A2","Hava & Doğa","bewölkt","","","bulutlu","Heute ist es bewölkt.","Bugün hava bulutlu.","weather, a2"
"a2","a2_0375","A2","Hava & Doğa","der Wind","der","Winde","rüzgar","Der Wind ist stark.","Rüzgar kuvvetli.","weather, a2"
"a2","a2_0376","A2","Hava & Doğa","warm","","","ılık / sıcak","Im Sommer ist es warm.","Yazın hava sıcak.","weather, a2"
"a2","a2_0377","A2","Hava & Doğa","kalt","","","soğuk","Im Winter ist es kalt.","Kışın hava soğuk.","weather, a2"
"a2","a2_0378","A2","Hava & Doğa","der Wald","der","Wälder","orman","Wir gehen im Wald spazieren.","Ormanda yürüyoruz.","nature, a2"
"a2","a2_0379","A2","Hava & Doğa","der See","der","Seen","göl","Der See ist sehr schön.","Göl çok güzel.","nature, a2"
"a2","a2_0380","A2","Hava & Doğa","die Landschaft","die","Landschaften","manzara","Die Landschaft ist wunderbar.","Manzara harika.","nature, a2"
"a2","a2_0381","A2","Duygular","glücklich","","","mutlu","Ich bin heute glücklich.","Bugün mutluyum.","emotion, a2"
"a2","a2_0382","A2","Duygular","traurig","","","üzgün","Warum bist du traurig?","Neden üzgünsün?","emotion, a2"
"a2","a2_0383","A2","Duygular","nervös","","","gergin","Vor der Prüfung bin ich nervös.","Sınavdan önce gerginim.","emotion, a2"
"a2","a2_0384","A2","Duygular","stolz","","","gururlu","Ich bin stolz auf dich.","Seninle gurur duyuyorum.","emotion, a2"
"a2","a2_0385","A2","Duygular","sich freuen","","","sevinmek","Ich freue mich auf das Wochenende.","Hafta sonunu dört gözle bekliyorum.","emotion, verb, a2"
"a2","a2_0386","A2","Duygular","sich ärgern","","","sinirlenmek","Er ärgert sich über den Lärm.","Gürültüye sinirleniyor.","emotion, verb, a2"
"a2","a2_0387","A2","Duygular","die Freude","die","","sevinç","Das ist eine große Freude.","Bu büyük bir sevinç.","emotion, a2"
"a2","a2_0388","A2","Duygular","die Angst","die","Ängste","korku","Ich habe Angst vor Spinnen.","Örümceklerden korkuyorum.","emotion, a2"
"a2","a2_0389","A2","Duygular","überrascht","","","şaşırmış","Ich bin überrascht.","Şaşırdım.","emotion, a2"
"a2","a2_0390","A2","Duygular","verliebt","","","aşık","Er ist verliebt.","Aşık.","emotion, a2"
"a2","a2_0391","A2","Geçmiş zaman","gestern","","","dün","Gestern war ich im Kino.","Dün sinemadaydım.","past, a2"
"a2","a2_0392","A2","Geçmiş zaman","letzte Woche","","","geçen hafta","Letzte Woche habe ich gearbeitet.","Geçen hafta çalıştım.","past, a2"
"a2","a2_0393","A2","Geçmiş zaman","schon","","","zaten / -miş","Ich habe schon gegessen.","Zaten yemek yedim.","past, a2"
"a2","a2_0394","A2","Geçmiş zaman","noch nicht","","","henüz değil","Ich habe noch nicht geantwortet.","Henüz cevap vermedim.","past, a2"
"a2","a2_0395","A2","Geçmiş zaman","gekauft","","","satın alınmış","Ich habe Brot gekauft.","Ekmek satın aldım.","past, perfekt, a2"
"a2","a2_0396","A2","Geçmiş zaman","gemacht","","","yapılmış","Was hast du gemacht?","Ne yaptın?","past, perfekt, a2"
"a2","a2_0397","A2","Geçmiş zaman","gegangen","","","gitmiş","Wir sind spazieren gegangen.","Yürüyüşe gittik.","past, perfekt, a2"
"a2","a2_0398","A2","Geçmiş zaman","gekommen","","","gelmiş","Er ist spät gekommen.","Geç geldi.","past, perfekt, a2"
"a2","a2_0399","A2","Geçmiş zaman","gesehen","","","görmüş","Hast du den Film gesehen?","Filmi gördün mü?","past, perfekt, a2"
"a2","a2_0400","A2","Geçmiş zaman","gewesen","","","olmuş / bulunmuş","Ich bin in Berlin gewesen.","Berlin'de bulundum.","past, perfekt, a2"
"a2","a2_0401","A2","Extra · Sam aus Amerika","Telefonrechnung","die","Telefonrechnungen","telefon faturası","Telefonrechnung, Gasrechnung, Stromrechnung.","Telefon, doğalgaz, elektrik faturası.","noun, home, a2, extra"
"a2","a2_0402","A2","Extra · Sam aus Amerika","Gasrechnung","die","Gasrechnungen","doğalgaz faturası","Die Gasrechnung ist hoch.","Doğalgaz faturası yüksek.","noun, home, a2, extra"
"a2","a2_0403","A2","Extra · Sam aus Amerika","Stromrechnung","die","Stromrechnungen","elektrik faturası","Die Stromrechnung kommt jeden Monat.","Elektrik faturası her ay gelir.","noun, home, a2, extra"
"a2","a2_0404","A2","Extra · Sam aus Amerika","Tarantel","die","Taranteln","tarantula","Was? Die Tarantel?","Ne? Tarantula mı?","noun, daily, a2, extra"
"a2","a2_0405","A2","Extra · Sam aus Amerika","sportlich","","","atletik","Groß, sportlich und reich!","Uzun, atletik ve zengin!","adjective, daily, a2, extra"
"a2","a2_0406","A2","Extra · Sam aus Amerika","reich","","","zengin","Du bist total reich.","Tamamen zenginsin.","adjective, daily, a2, extra"
"a2","a2_0407","A2","Extra · Sam aus Amerika","Kontrolle","die","Kontrollen","kontrol","Alles unter Kontrolle.","Her şey kontrol altında.","noun, daily, a2, extra"
"a2","a2_0408","A2","Extra · Sam aus Amerika","Muskel","der","Muskeln","kas","Hey, du hast aber Muskeln!","Hey, kasların var!","noun, health, a2, extra"
"a2","a2_0409","A2","Extra · Sam aus Amerika","begründen","","","gerekçelendirmek","Muss ich das begründen?","Bunu gerekçelendirmem mi gerekiyor?","verb, daily, a2, extra"
"a2","a2_0410","A2","Extra · Sam aus Amerika","Klappcouch","die","Klappcouches","açılır kanepe","Das ist eine Klapp-Couch.","Bu bir açılır kanepe.","noun, home, a2, extra"
"a2","a2_0411","A2","Extra · Sam aus Amerika","Fernbedienung","die","Fernbedienungen","kumanda","Und das ist die Fernbedienung.","Ve bu kumanda.","noun, home, a2, extra"
"a2","a2_0412","A2","Extra · Sam aus Amerika","Klamotten","","","kıyafetler","Aber seine Klamotten!","Ama kıyafetleri!","noun, daily, a2, extra"
"a2","a2_0413","A2","Extra · Sam aus Amerika","altmodisch","","","modası geçmiş","Er ist so altmodisch!","O çok modası geçmiş!","adjective, daily, a2, extra"
"a2","a2_0414","A2","Extra · Sam aus Amerika","süß","","","tatlı / sevimli","Aber er ist süß.","Ama o sevimli.","adjective, daily, a2, extra"
"a2","a2_0415","A2","Extra · Sam aus Amerika","höflich","","","nazik / kibar","Und er ist höflich.","Ve o kibar.","adjective, daily, a2, extra"
"a2","a2_0416","A2","Extra · Sam aus Amerika","sexy","","","seksi","Und besonders sexy ist er auch nicht!","Ve özellikle seksi de değil!","adjective, daily, a2, extra"
"a2","a2_0417","A2","Extra · Sam aus Amerika","Gepäck","das","","bagaj","Bitte bringen Sie mir mein Gepäck.","Lütfen bagajımı getirin.","noun, travel, a2, extra"
"a2","a2_0418","A2","Extra · Sam aus Amerika","Portier","der","Portiers","kapıcı","Du bist der Portier, right?","Sen kapıcısın, değil mi?","noun, work, a2, extra"
"a2","a2_0419","A2","Extra · Sam aus Amerika","nebenan","","","yan tarafta / komşu","Ich wohne nebenan.","Yan tarafta oturuyorum.","adverb, home, a2, extra"
"a2","a2_0420","A2","Extra · Sam aus Amerika","Lieblingsessen","das","Lieblingsessen","favori yemek","Was ist dein Lieblingsessen?","Favori yemeğin ne?","noun, restaurant, a2, extra"
"a2","a2_0421","A2","Extra · Sam aus Amerika","Currywurst","die","Currywürste","currywurst","Currywurst, okay.","Currywurst, tamam.","noun, restaurant, a2, extra"
"a2","a2_0422","A2","Extra · Sam aus Amerika","Shopping","","","alışveriş","Viel Shopping?","Çok alışveriş mi?","noun, daily, a2, extra"
"a2","a2_0423","A2","Extra · Sam aus Amerika","Dienstboten","","","hizmetkârlar","Meine Dienstboten.","Hizmetkârlarım.","noun, family, a2, extra"
"a2","a2_0424","A2","Extra · Sam aus Amerika","schrecklich","","","korkunç","Mensch, das ist ja schrecklich!","Vay be, bu korkunç!","adjective, daily, a2, extra"
"a2","a2_0425","A2","Extra · Sam aus Amerika","Vermieterin","die","Vermieterinnen","ev sahibi (kadın)","Hilfe, es ist die Vermieterin!","Yardım, ev sahibi geldi!","noun, home, a2, extra"
"a2","a2_0426","A2","Extra · Sam aus Amerika","Zeitschrift","die","Zeitschriften","dergi","Hat jemand meine neue Zeitschrift gesehen?","Kimse yeni dergimi gördü mü?","noun, daily, a2, extra"
"a2","a2_0427","A2","Extra · Sam aus Amerika","Make-up","","","makyaj","Mein Make-up.","Makyajım.","noun, daily, a2, extra"
"a2","a2_0428","A2","Extra · Sam aus Amerika","Love Parade","die","","Love Parade","Heute ist die Love Parade!","Bugün Love Parade!","noun, daily, a2, extra"
"a2","a2_0429","A2","Extra · Sam aus Amerika","verpassen","","","kaçırmak","Das dürft ihr nicht verpassen!","Bunu kaçırmamalısınız!","verb, daily, a2, extra"
"a2","a2_0430","A2","Extra · Sam aus Amerika","Schwesterherz","","","canım kardeşim","Schwesterherz, ich heiße Anna.","Canım kardeşim, adım Anna.","noun, family, a2, extra"
"a2","a2_0431","A2","Gramer","dieser","","","bu (erkek · Nom.)","Dieser Mann ist nett.","Bu adam nazik.","grammar, demonstrative, a2"
"a2","a2_0432","A2","Gramer","diese","","","bu (dişi · Nom./Akk.)","Diese Bank ist groß.","Bu banka büyük.","grammar, demonstrative, a2"
"a2","a2_0433","A2","Gramer","dieses","","","bu (nötr · Nom./Akk.)","Dieses Café ist neu.","Bu kafe yeni.","grammar, demonstrative, a2"
"a2","a2_0434","A2","Gramer","diesen","","","bu (erkek · Akk.)","Ich nehme diesen Kaffee.","Bu kahveyi alıyorum.","grammar, demonstrative, a2"
"timur","timur_0001","A1","Depo","Lager","das","Lager","depo","Ich arbeite im Lager.","Depoda çalışıyorum.","warehouse, timur, work"
"timur","timur_0002","A1","Depo","Wareneingang","der","Wareneingänge","mal girişi","Der Wareneingang ist heute voll.","Bugün mal girişi yoğun.","warehouse, timur, work"
"timur","timur_0003","A1","Depo","Warenausgang","der","Warenausgänge","mal çıkışı","Der Warenausgang ist um zehn Uhr.","Mal çıkışı saat onda.","warehouse, timur, work"
"timur","timur_0004","A1","Depo","Lagerhalle","die","Lagerhallen","depo holu","Die Lagerhalle ist groß.","Depo holu büyük.","warehouse, timur, work"
"timur","timur_0005","A1","Depo","Regal","das","Regale","raf","Das Regal ist voll.","Raf dolu.","warehouse, timur, work"
"timur","timur_0006","A1","Depo","Gang","der","Gänge","koridor","Gehen Sie den Gang entlang.","Koridordan gidin.","warehouse, timur, work"
"timur","timur_0007","A1","Depo","Boden","der","Böden","zemin","Der Boden ist sauber.","Zemin temiz.","warehouse, timur, work"
"timur","timur_0008","A1","Depo","Inventur","die","Inventuren","envanter sayımı","Heute ist Inventur.","Bugün envanter sayımı var.","warehouse, timur, work"
"timur","timur_0009","A1","Depo","Bestand","der","Bestände","stok","Der Bestand ist niedrig.","Stok düşük.","warehouse, timur, work"
"timur","timur_0010","A1","Depo","Umlagerung","die","Umlagerungen","transfer","Die Umlagerung dauert zwei Stunden.","Transfer iki saat sürer.","warehouse, timur, work"
"timur","timur_0011","A1","Depo","Lagerraum","der","Lagerräume","depo alanı","Der Lagerraum ist kalt.","Depo alanı soğuk.","warehouse, timur, work"
"timur","timur_0012","A1","Depo","Halle","die","Hallens","hangar/hol","In der Halle ist es laut.","Hol gürültülü.","warehouse, timur, work"
"timur","timur_0013","A1","Lojistik","Logistik","die","","lojistik","Ich arbeite in der Logistik.","Lojistikte çalışıyorum.","logistics, timur, work"
"timur","timur_0014","A1","Lojistik","Lieferung","die","Lieferungen","teslimat","Die Lieferung kommt morgen.","Teslimat yarın geliyor.","logistics, timur, work"
"timur","timur_0015","A1","Lojistik","Spedition","die","Speditionen","nakliye firması","Die Spedition liefert pünktlich.","Nakliye firması zamanında teslim eder.","logistics, timur, work"
"timur","timur_0016","A1","Lojistik","Transport","der","Transporte","nakliye","Der Transport ist organisiert.","Nakliye organize edildi.","logistics, timur, work"
"timur","timur_0017","A1","Lojistik","LKW","der","LKWs","kamyon","Der LKW wartet am Tor.","Kamyon kapıda bekliyor.","logistics, timur, work"
"timur","timur_0018","A1","Lojistik","Anlieferung","die","Anlieferungen","teslim alma","Die Anlieferung ist um acht.","Teslim alma saat sekizde.","logistics, timur, work"
"timur","timur_0019","A1","Lojistik","Versand","der","","sevkiyat","Der Versand beginnt um neun.","Sevkiyat dokuzda başlar.","logistics, timur, work"
"timur","timur_0020","A1","Lojistik","Fracht","die","Frachten","yük","Die Fracht ist schwer.","Yük ağır.","logistics, timur, work"
"timur","timur_0021","A1","Lojistik","Strecke","die","Strecken","rota","Meine Strecke ist lang.","Rotam uzun.","logistics, timur, work"
"timur","timur_0022","A1","Lojistik","Sendung","die","Sendungen","gönderi","Die Sendung ist unterwegs.","Gönderi yolda.","logistics, timur, work"
"timur","timur_0023","A1","Lojistik","Zoll","der","","gümrük","Der Zoll kontrolliert die Ware.","Gümrük malları kontrol eder.","logistics, timur, work"
"timur","timur_0024","A1","Lojistik","Einfuhr","die","Einfuhren","ithalat","Die Einfuhr dauert lange.","İthalat uzun sürer.","logistics, timur, work"
"timur","timur_0025","A1","Kommissionierung","Kommissionierung","die","","sipariş toplama","Die Kommissionierung ist meine Aufgabe.","Sipariş toplama benim görevim.","picking, timur, work"
"timur","timur_0026","A1","Kommissionierung","Kommissionierliste","die","Kommissionierlisten","toplama listesi","Hier ist die Kommissionierliste.","İşte toplama listesi.","picking, timur, work"
"timur","timur_0027","A1","Kommissionierung","Bestellung","die","Bestellungen","sipariş","Die Bestellung ist fertig.","Sipariş hazır.","picking, timur, work"
"timur","timur_0028","A1","Kommissionierung","Artikel","der","Artikel","ürün/kalem","Der Artikel ist im Regal B3.","Ürün B3 rafında.","picking, timur, work"
"timur","timur_0029","A1","Kommissionierung","Artikelnummer","die","Artikelnummern","ürün numarası","Die Artikelnummer ist 12345.","Ürün numarası 12345.","picking, timur, work"
"timur","timur_0030","A1","Kommissionierung","Strichcode","der","Strichcodes","barkod","Scannen Sie den Strichcode.","Barkodu tarayın.","picking, timur, work"
"timur","timur_0031","A1","Kommissionierung","Lesegerät","das","Lesegeräte","tarayıcı","Das Lesegerät funktioniert nicht.","Tarayıcı çalışmıyor.","picking, timur, work"
"timur","timur_0032","A1","Kommissionierung","Packliste","die","Packlisten","paket listesi","Die Packliste ist dabei.","Paket listesi eklendi.","picking, timur, work"
"timur","timur_0033","A1","Kommissionierung","Karton","der","Kartons","karton","Der Karton ist schwer.","Karton ağır.","picking, timur, work"
"timur","timur_0034","A1","Kommissionierung","Paket","das","Pakete","paket","Das Paket ist kaputt.","Paket hasarlı.","picking, timur, work"
"timur","timur_0035","A1","Kommissionierung","verpacken","","","paketlemek","Ich verpacke die Ware.","Malı paketliyorum.","picking, timur, work"
"timur","timur_0036","A1","Kommissionierung","etikettieren","","","etiketlemek","Bitte etikettieren.","Lütfen etiketleyin.","picking, timur, work"
"timur","timur_0037","A1","Kommissionierung","sortieren","","","ayırmak/sınıflamak","Wir sortieren die Pakete.","Paketleri ayırıyoruz.","picking, timur, work"
"timur","timur_0038","A1","Kommissionierung","Stück","das","Stücke","adet","Zehn Stück, bitte.","On adet lütfen.","picking, timur, work"
"timur","timur_0039","A1","Vardiya & Mesai","Schicht","die","Schichten","vardiya","Meine Schicht beginnt um sechs.","Vardiyam altıda başlıyor.","shift, timur, work"
"timur","timur_0040","A1","Vardiya & Mesai","Frühschicht","die","Frühschichten","sabah vardiyası","Ich habe Frühschicht.","Sabah vardiyam var.","shift, timur, work"
"timur","timur_0041","A1","Vardiya & Mesai","Spätschicht","die","Spätschichten","akşam vardiyası","Die Spätschicht endet um Mitternacht.","Akşam vardiyası gece yarısında biter.","shift, timur, work"
"timur","timur_0042","A1","Vardiya & Mesai","Nachtschicht","die","Nachtschichten","gece vardiyası","Die Nachtschicht ist anstrengend.","Gece vardiyası yorucu.","shift, timur, work"
"timur","timur_0043","A1","Vardiya & Mesai","Arbeitszeit","die","Arbeitszeiten","çalışma saati","Meine Arbeitszeit ist acht Stunden.","Çalışma saatim sekiz.","shift, timur, work"
"timur","timur_0044","A1","Vardiya & Mesai","Überstunden","die","","fazla mesai","Ich mache Überstunden.","Fazla mesai yapıyorum.","shift, timur, work"
"timur","timur_0045","A1","Vardiya & Mesai","Pause","die","Pausen","mola","Die Pause ist um zwölf.","Mola saat on iki.","shift, timur, work"
"timur","timur_0046","A1","Vardiya & Mesai","Feierabend","der","","iş bitimi","Um fünf ist Feierabend.","Beşte iş bitiyor.","shift, timur, work"
"timur","timur_0047","A1","Vardiya & Mesai","Schichtplan","der","Schichtpläne","vardiya planı","Der Schichtplan hängt an der Wand.","Vardiya planı duvarda.","shift, timur, work"
"timur","timur_0048","A1","Vardiya & Mesai","einstempeln","","","giriş kart basmak","Ich stempel um sechs ein.","Altıda giriş yapıyorum.","shift, timur, work"
"timur","timur_0049","A1","Vardiya & Mesai","ausstempeln","","","çıkış kart basmak","Ich stempel um zwei aus.","İkide çıkış yapıyorum.","shift, timur, work"
"timur","timur_0050","A1","Vardiya & Mesai","pünktlich","","","dakik","Sei pünktlich zur Schicht!","Vardiyaya dakik ol!","shift, timur, work"
"timur","timur_0051","A1","Maaş & Sözleşme","Lohn","der","Löhne","maaş (saatlik)","Mein Lohn ist 14 Euro pro Stunde.","Saatlik maaşım 14 euro.","contract, timur, work"
"timur","timur_0052","A1","Maaş & Sözleşme","Gehalt","das","Gehälter","maaş (aylık)","Das Gehalt kommt am Monatsende.","Maaş ay sonunda gelir.","contract, timur, work"
"timur","timur_0053","A1","Maaş & Sözleşme","Vertrag","der","Verträge","sözleşme","Ich unterschreibe den Vertrag.","Sözleşmeyi imzalıyorum.","contract, timur, work"
"timur","timur_0054","A1","Maaş & Sözleşme","Arbeitsvertrag","der","Arbeitsverträge","iş sözleşmesi","Der Arbeitsvertrag ist befristet.","İş sözleşmesi belirli süreli.","contract, timur, work"
"timur","timur_0055","A1","Maaş & Sözleşme","Probezeit","die","Probezeiten","deneme süresi","Die Probezeit dauert sechs Monate.","Deneme süresi altı ay.","contract, timur, work"
"timur","timur_0056","A1","Maaş & Sözleşme","Kündigung","die","Kündigungen","fesih/ihbar","Die Kündigungsfrist ist zwei Wochen.","İhbar süresi iki hafta.","contract, timur, work"
"timur","timur_0057","A1","Maaş & Sözleşme","Urlaub","der","Urlaube","izin","Ich habe Urlaub im August.","Ağustos'ta iznim var.","contract, timur, work"
"timur","timur_0058","A1","Maaş & Sözleşme","Krankmeldung","die","Krankmeldungen","rapor","Ich brauche eine Krankmeldung.","Rapor lazım.","contract, timur, work"
"timur","timur_0059","A1","Maaş & Sözleşme","Steuer","die","Steuern","vergi","Die Steuer wird abgezogen.","Vergi kesilir.","contract, timur, work"
"timur","timur_0060","A1","Maaş & Sözleşme","Netto","","","net maaş","Mein Netto ist 1800 Euro.","Net maaşım 1800 euro.","contract, timur, work"
"timur","timur_0061","A1","Maaş & Sözleşme","Brutto","","","brüt maaş","Das Brutto ist höher.","Brüt daha yüksek.","contract, timur, work"
"timur","timur_0062","A1","Maaş & Sözleşme","Sozialversicherung","die","Sozialversicherungen","sosyal sigorta","Die Sozialversicherung ist Pflicht.","Sosyal sigorta zorunlu.","contract, timur, work"
"timur","timur_0063","A1","İş güvenliği","Sicherheit","die","","güvenlik","Sicherheit geht vor.","Güvenlik önce gelir.","safety, timur, work"
"timur","timur_0064","A1","İş güvenliği","Arbeitsschutz","der","","iş güvenliği","Arbeitsschutz ist wichtig.","İş güvenliği önemli.","safety, timur, work"
"timur","timur_0065","A1","İş güvenliği","Helm","der","Helme","kask","Tragen Sie einen Helm!","Kask takın!","safety, timur, work"
"timur","timur_0066","A1","İş güvenliği","Schutzweste","die","Schutzwesten","yelek","Die Schutzweste ist gelb.","Yelek sarı.","safety, timur, work"
"timur","timur_0067","A1","İş güvenliği","Sicherheitsschuhe","die","","güvenlik ayakkabısı","Sicherheitsschuhe sind Pflicht.","Güvenlik ayakkabısı zorunlu.","safety, timur, work"
"timur","timur_0068","A1","İş güvenliği","Handschuhe","die","","eldiven","Tragen Sie Handschuhe.","Eldiven takın.","safety, timur, work"
"timur","timur_0069","A1","İş güvenliği","Warnung","die","Warnungen","uyarı","Achtung! Warnung beachten.","Dikkat! Uyarıya dikkat.","safety, timur, work"
"timur","timur_0070","A1","İş güvenliği","Gefahr","die","Gefahren","tehlike","Vorsicht, Gefahr!","Dikkat, tehlike!","safety, timur, work"
"timur","timur_0071","A1","İş güvenliği","Unfall","der","Unfälle","kaza","Es gab einen Unfall.","Kaza oldu.","safety, timur, work"
"timur","timur_0072","A1","İş güvenliği","Erste Hilfe","die","","ilk yardım","Erste Hilfe ist dort.","İlk yardım orada.","safety, timur, work"
"timur","timur_0073","A1","İş güvenliği","Notausgang","der","Notausgänge","acil çıkış","Der Notausgang ist links.","Acil çıkış solda.","safety, timur, work"
"timur","timur_0074","A1","İş güvenliği","vorsichtig","","","dikkatli","Sei vorsichtig!","Dikkatli ol!","safety, timur, work"
"timur","timur_0075","A1","Forklift & Ekipman","Gabelstapler","der","Gabelstapler","forklift","Der Gabelstapler fährt langsam.","Forklift yavaş gider.","equipment, timur, work"
"timur","timur_0076","A1","Forklift & Ekipman","Stapler","der","Stapler","forklift (kısa)","Ich fahre Stapler.","Forklift kullanıyorum.","equipment, timur, work"
"timur","timur_0077","A1","Forklift & Ekipman","Staplerschein","der","Staplerscheine","forklift ehliyeti","Ich habe einen Staplerschein.","Forklift ehliyetim var.","equipment, timur, work"
"timur","timur_0078","A1","Forklift & Ekipman","Palette","die","Paletten","palet","Bringen Sie die Palette nach hinten.","Paleti arkaya götürün.","equipment, timur, work"
"timur","timur_0079","A1","Forklift & Ekipman","Hubwagen","der","Hubwagen","transpalet","Der Hubwagen ist kaputt.","Transpalet bozuk.","equipment, timur, work"
"timur","timur_0080","A1","Forklift & Ekipman","Gabel","die","Gabeln","çatal (forklift)","Die Gabel ist hoch.","Çatal yukarıda.","equipment, timur, work"
"timur","timur_0081","A1","Forklift & Ekipman","heben","","","kaldırmak","Heben Sie die Palette vorsichtig.","Paleti dikkatli kaldırın.","equipment, timur, work"
"timur","timur_0082","A1","Forklift & Ekipman","senken","","","indirmek","Senken Sie die Gabel.","Çatalı indirin.","equipment, timur, work"
"timur","timur_0083","A1","Forklift & Ekipman","laden","","","yüklemek","Wir laden den LKW.","Kamyonu yüklüyoruz.","equipment, timur, work"
"timur","timur_0084","A1","Forklift & Ekipman","entladen","","","boşaltmak","Wir entladen die Ware.","Malı boşaltıyoruz.","equipment, timur, work"
"timur","timur_0085","A1","Forklift & Ekipman","stapeln","","","istiflemek","Stapeln Sie die Kartons.","Kartonları istifleyin.","equipment, timur, work"
"timur","timur_0086","A1","Forklift & Ekipman","Rollcontainer","der","Rollcontainer","roll konteyner","Der Rollcontainer ist voll.","Roll konteyner dolu.","equipment, timur, work"
"timur","timur_0087","A1","Forklift & Ekipman","Förderband","das","Förderbänder","konveyör bant","Das Förderband läuft.","Konveyör bant çalışıyor.","equipment, timur, work"
"timur","timur_0088","A1","Şefle iletişim","Chef","der","Chefs","patron/şef","Mein Chef ist streng.","Patronum katı.","communication, timur, work"
"timur","timur_0089","A1","Şefle iletişim","Vorgesetzter","der","Vorgesetzten","amir","Mein Vorgesetzter ruft mich.","Amirim beni çağırıyor.","communication, timur, work"
"timur","timur_0090","A1","Şefle iletişim","Kollege","der","Kollegen","iş arkadaşı","Mein Kollege hilft mir.","İş arkadaşım yardım ediyor.","communication, timur, work"
"timur","timur_0091","A1","Şefle iletişim","Gruppenleiter","der","Gruppenleiter","grup lideri","Der Gruppenleiter gibt Anweisungen.","Grup lideri talimat veriyor.","communication, timur, work"
"timur","timur_0092","A1","Şefle iletişim","Anweisung","die","Anweisungen","talimat","Folgen Sie der Anweisung.","Talimata uyun.","communication, timur, work"
"timur","timur_0093","A1","Şefle iletişim","sofort","","","hemen","Machen Sie das sofort!","Bunu hemen yapın!","communication, timur, work"
"timur","timur_0094","A1","Şefle iletişim","langsam","","","yavaş","Fahren Sie langsam!","Yavaş gidin!","communication, timur, work"
"timur","timur_0095","A1","Şefle iletişim","schnell","","","hızlı","Arbeiten Sie schneller!","Daha hızlı çalışın!","communication, timur, work"
"timur","timur_0096","A1","Şefle iletişim","fertig","","","hazır/bitti","Ich bin fertig.","Bitirdim.","communication, timur, work"
"timur","timur_0097","A1","Şefle iletişim","Problem","das","Probleme","problem","Ich habe ein Problem.","Bir problemim var.","communication, timur, work"
"timur","timur_0098","A1","Şefle iletişim","Hilfe","die","","yardım","Ich brauche Hilfe!","Yardım lazım!","communication, timur, work"
"timur","timur_0099","A1","Şefle iletişim","verstanden","","","anladım","Verstanden!","Anladım!","communication, timur, work"
"timur","timur_0100","A1","Şefle iletişim","nach hinten","","","arkaya","Bringen Sie es nach hinten.","Arkaya götürün.","communication, timur, work"
"timur","timur_0101","A1","Şefle iletişim","nach vorne","","","öne","Stellen Sie es nach vorne.","Öne koyun.","communication, timur, work"
"timur","timur_0102","A1","Şefle iletişim","Achtung","","","dikkat","Achtung! Palette kommt!","Dikkat! Palet geliyor!","communication, timur, work"
"universal","u_0001","A1","Universal Paket 001","abends","","","akşam","Ich lerne das Wort ""abends"".","""abends"" kelimesini öğreniyorum.","universal, batch-001, needs-review"
"universal","u_0002","A1","Universal Paket 001","aber","","","ama, fakat","Ich lerne das Wort ""aber"".","""aber"" kelimesini öğreniyorum.","universal, batch-001, needs-review"
"universal","u_0003","A1","Universal Paket 001","acht","","","sekiz, sekizi, sekizdir","Ich lerne das Wort ""acht"".","""acht"" kelimesini öğreniyorum.","universal, batch-001, needs-review"
"universal","u_0004","A1","Universal Paket 001","achtzehn","","","on sekiz","Ich lerne das Wort ""achtzehn"".","""achtzehn"" kelimesini öğreniyorum.","universal, batch-001, needs-review"
"universal","u_0005","A1","Universal Paket 001","aktiv","","","etkin, aktifsin, aktif","Ich lerne das Wort ""aktiv"".","""aktiv"" kelimesini öğreniyorum.","universal, batch-001, needs-review"
"universal","u_0006","A1","Universal Paket 001","Alex","","","alex'ten, alex'im, alex'i","Ich lerne das Wort ""Alex"".","""Alex"" kelimesini öğreniyorum.","universal, batch-001, needs-review"
"universal","u_0007","A1","Universal Paket 001","alle","","","herkes, hepsi, bütün","Ich lerne das Wort ""alle"".","""alle"" kelimesini öğreniyorum.","universal, batch-001, needs-review"
"universal","u_0008","A1","Universal Paket 001","alles","","","her şey","Ich lerne das Wort ""alles"".","""alles"" kelimesini öğreniyorum.","universal, batch-001, needs-review"
"universal","u_0009","A1","Universal Paket 001","alles Gute zum Geburtstag","","","Doğum günün kutlu olsun","Ich lerne das Wort ""alles Gute zum Geburtstag"".","""alles Gute zum Geburtstag"" kelimesini öğreniyorum.","universal, batch-001, needs-review"
"universal","u_0010","A1","Universal Paket 001","alt","","","eski, eskidir, yaşlıydı","Ich lerne das Wort ""alt"".","""alt"" kelimesini öğreniyorum.","universal, batch-001, needs-review"
"universal","u_0011","A1","Universal Paket 001","am","","","yerinde, sonundaki, an dem = -de/-da (Lokativ)","Ich lerne das Wort ""am"".","""am"" kelimesini öğreniyorum.","universal, batch-001, needs-review"
"universal","u_0012","A1","Universal Paket 001","am besten","","","en iyi","Ich lerne das Wort ""am besten"".","""am besten"" kelimesini öğreniyorum.","universal, batch-001, needs-review"
"universal","u_0013","A1","Universal Paket 001","am Strand","","","plajda","Ich lerne das Wort ""am Strand"".","""am Strand"" kelimesini öğreniyorum.","universal, batch-001, needs-review"
"universal","u_0014","A1","Universal Paket 001","am Vormittag","","","öğleden önce","Ich lerne das Wort ""am Vormittag"".","""am Vormittag"" kelimesini öğreniyorum.","universal, batch-001, needs-review"
"universal","u_0015","A1","Universal Paket 001","anhalten","","","durabiliriz, durmadı, dururuz","Ich lerne das Wort ""anhalten"".","""anhalten"" kelimesini öğreniyorum.","universal, batch-001, needs-review"
"universal","u_0016","A1","Universal Paket 001","anklicken","","","tıklamalısın, tıklarım, tıklamalıyız","Ich lerne das Wort ""anklicken"".","""anklicken"" kelimesini öğreniyorum.","universal, batch-001, needs-review"
"universal","u_0017","A1","Universal Paket 001","Apfelstrudel","","","Elmalı strudel'i, strudelin, elmalı","Ich lerne das Wort ""Apfelstrudel"".","""Apfelstrudel"" kelimesini öğreniyorum.","universal, batch-001, needs-review"
"universal","u_0018","A1","Universal Paket 001","arbeitest","","","çalışıyorsun, çalışırsın","Ich lerne das Wort ""arbeitest"".","""arbeitest"" kelimesini öğreniyorum.","universal, batch-001, needs-review"
"universal","u_0019","A1","Universal Paket 001","Ärztin","","","hekimin, doktor, hekimime","Ich lerne das Wort ""Ärztin"".","""Ärztin"" kelimesini öğreniyorum.","universal, batch-001, needs-review"
"universal","u_0020","A1","Universal Paket 001","auch","","","de","Ich lerne das Wort ""auch"".","""auch"" kelimesini öğreniyorum.","universal, batch-001, needs-review"
"universal","u_0021","A1","Universal Paket 001","auf dem Handy","","","telefonda","Ich lerne das Wort ""auf dem Handy"".","""auf dem Handy"" kelimesini öğreniyorum.","universal, batch-001, needs-review"
"universal","u_0022","A1","Universal Paket 001","auf den Markt","","","pazar","Ich lerne das Wort ""auf den Markt"".","""auf den Markt"" kelimesini öğreniyorum.","universal, batch-001, needs-review"
"universal","u_0023","A1","Universal Paket 001","auf die Toilette","","","tuvalete","Ich lerne das Wort ""auf die Toilette"".","""auf die Toilette"" kelimesini öğreniyorum.","universal, batch-001, needs-review"
"universal","u_0024","A1","Universal Paket 001","auf jeden Fall","","","kesinlikle","Ich lerne das Wort ""auf jeden Fall"".","""auf jeden Fall"" kelimesini öğreniyorum.","universal, batch-001, needs-review"
"universal","u_0025","A1","Universal Paket 001","aufgeregt","","","heyecanlı","Ich lerne das Wort ""aufgeregt"".","""aufgeregt"" kelimesini öğreniyorum.","universal, batch-001, needs-review"
"universal","u_0026","A1","Universal Paket 001","aus","","","of, -den, açısından","Ich lerne das Wort ""aus"".","""aus"" kelimesini öğreniyorum.","universal, batch-001, needs-review"
"universal","u_0027","A1","Universal Paket 001","ausdrucken","","","yazdırmalıyım, yazdırmalı, yazdıracağını","Ich lerne das Wort ""ausdrucken"".","""ausdrucken"" kelimesini öğreniyorum.","universal, batch-001, needs-review"
"universal","u_0028","A1","Universal Paket 001","ausleihen","","","almak, alabilir","Ich lerne das Wort ""ausleihen"".","""ausleihen"" kelimesini öğreniyorum.","universal, batch-001, needs-review"
"universal","u_0029","A1","Universal Paket 001","backen","","","pişirdiğin, pişirin, pişirmiyoruz","Ich lerne das Wort ""backen"".","""backen"" kelimesini öğreniyorum.","universal, batch-001, needs-review"
"universal","u_0030","A1","Universal Paket 001","Bäcker","","","fırıncıdır, fırıncıyı, fırıncı","Ich lerne das Wort ""Bäcker"".","""Bäcker"" kelimesini öğreniyorum.","universal, batch-001, needs-review"
"universal","u_0031","A1","Universal Paket 001","Bäckerei","","","fırın","Ich lerne das Wort ""Bäckerei"".","""Bäckerei"" kelimesini öğreniyorum.","universal, batch-001, needs-review"
"universal","u_0032","A1","Universal Paket 001","Bäckerin","","","fırıncıyım, fırıncı","Ich lerne das Wort ""Bäckerin"".","""Bäckerin"" kelimesini öğreniyorum.","universal, batch-001, needs-review"
"universal","u_0033","A1","Universal Paket 001","Badehose","","","Mayo, Mayom, Mayosunu","Ich lerne das Wort ""Badehose"".","""Badehose"" kelimesini öğreniyorum.","universal, batch-001, needs-review"
"universal","u_0034","A1","Universal Paket 001","bäh","","","Iğrenç","Ich lerne das Wort ""bäh"".","""bäh"" kelimesini öğreniyorum.","universal, batch-001, needs-review"
"universal","u_0035","A1","Universal Paket 001","bald","","","yakında","Ich lerne das Wort ""bald"".","""bald"" kelimesini öğreniyorum.","universal, batch-001, needs-review"
"universal","u_0036","A1","Universal Paket 001","Ball","","","topum, topa, topun","Ich lerne das Wort ""Ball"".","""Ball"" kelimesini öğreniyorum.","universal, batch-001, needs-review"
"universal","u_0037","A1","Universal Paket 001","Ballons","","","balonlar","Ich lerne das Wort ""Ballons"".","""Ballons"" kelimesini öğreniyorum.","universal, batch-001, needs-review"
"universal","u_0038","A1","Universal Paket 001","Band","","","grup","Ich lerne das Wort ""Band"".","""Band"" kelimesini öğreniyorum.","universal, batch-001, needs-review"
"universal","u_0039","A1","Universal Paket 001","Basketball","","","basketbol, basketbolu","Ich lerne das Wort ""Basketball"".","""Basketball"" kelimesini öğreniyorum.","universal, batch-001, needs-review"
"universal","u_0040","A1","Universal Paket 001","basteln","","","yapmak, yapıyor","Ich lerne das Wort ""basteln"".","""basteln"" kelimesini öğreniyorum.","universal, batch-001, needs-review"
"universal","u_0041","A1","Universal Paket 001","beginnen","","","başlayan, başlatmanıza, başlarsınız","Ich lerne das Wort ""beginnen"".","""beginnen"" kelimesini öğreniyorum.","universal, batch-001, needs-review"
"universal","u_0042","A1","Universal Paket 001","bekommen","","","oluyor, edinmiyorsunuz, alabilir","Ich lerne das Wort ""bekommen"".","""bekommen"" kelimesini öğreniyorum.","universal, batch-001, needs-review"
"universal","u_0043","A1","Universal Paket 001","belegen","","","alabilir, al, belgen","Ich lerne das Wort ""belegen"".","""belegen"" kelimesini öğreniyorum.","universal, batch-001, needs-review"
"universal","u_0044","A1","Universal Paket 001","beliebt","","","gözde, tutulur, popüler","Ich lerne das Wort ""beliebt"".","""beliebt"" kelimesini öğreniyorum.","universal, batch-001, needs-review"
"universal","u_0045","A1","Universal Paket 001","bereit","","","niyetli, istekli, hazır","Ich lerne das Wort ""bereit"".","""bereit"" kelimesini öğreniyorum.","universal, batch-001, needs-review"
"universal","u_0046","A1","Universal Paket 001","Bericht","","","dosyasını, hikâyesi, hikâyeyi","Ich lerne das Wort ""Bericht"".","""Bericht"" kelimesini öğreniyorum.","universal, batch-001, needs-review"
"universal","u_0047","A1","Universal Paket 001","Berlin","","","Berlin, berlin'i, berlin’i","Ich lerne das Wort ""Berlin"".","""Berlin"" kelimesini öğreniyorum.","universal, batch-001, needs-review"
"universal","u_0048","A1","Universal Paket 001","beschäftigt","","","yoğundum, meşgul, meşgulüz","Ich lerne das Wort ""beschäftigt"".","""beschäftigt"" kelimesini öğreniyorum.","universal, batch-001, needs-review"
"universal","u_0049","A1","Universal Paket 001","besichtigen","","","gezebilir, gezilecek, geziyoruz","Ich lerne das Wort ""besichtigen"".","""besichtigen"" kelimesini öğreniyorum.","universal, batch-001, needs-review"
"universal","u_0050","A1","Universal Paket 001","bestimmt","","","kesinlikle","Ich lerne das Wort ""bestimmt"".","""bestimmt"" kelimesini öğreniyorum.","universal, batch-001, needs-review"
"universal","u_0051","A1","Universal Paket 001","besuchen","","","uğrar, gezdi, uğratır","Ich lerne das Wort ""besuchen"".","""besuchen"" kelimesini öğreniyorum.","universal, batch-001, needs-review"
"universal","u_0052","A1","Universal Paket 001","Bibliothek","","","kütüphane","Ich lerne das Wort ""Bibliothek"".","""Bibliothek"" kelimesini öğreniyorum.","universal, batch-001, needs-review"
"universal","u_0053","A1","Universal Paket 001","bin","","","olmak (1. tekil kişi)","Ich lerne das Wort ""bin"".","""bin"" kelimesini öğreniyorum.","universal, batch-001, needs-review"
"universal","u_0054","A1","Universal Paket 001","Bioladen","","","Biyomarket","Ich lerne das Wort ""Bioladen"".","""Bioladen"" kelimesini öğreniyorum.","universal, batch-001, needs-review"
"universal","u_0055","A1","Universal Paket 001","bis morgen","","","yarın görüşürüz","Ich lerne das Wort ""bis morgen"".","""bis morgen"" kelimesini öğreniyorum.","universal, batch-001, needs-review"
"universal","u_0056","A1","Universal Paket 001","bist","","","olmak (2. Tekil kişi), ...-sin (= olmak), buradasın","Ich lerne das Wort ""bist"".","""bist"" kelimesini öğreniyorum.","universal, batch-001, needs-review"
"universal","u_0057","A1","Universal Paket 001","bitter","","","bitter, acı, acıdır","Ich lerne das Wort ""bitter"".","""bitter"" kelimesini öğreniyorum.","universal, batch-001, needs-review"
"universal","u_0058","A1","Universal Paket 001","blau","","","maviden, mavidir, mavi","Ich lerne das Wort ""blau"".","""blau"" kelimesini öğreniyorum.","universal, batch-001, needs-review"
"universal","u_0059","A1","Universal Paket 001","Blumenkohl","","","Karnabahar, Karnabahara","Ich lerne das Wort ""Blumenkohl"".","""Blumenkohl"" kelimesini öğreniyorum.","universal, batch-001, needs-review"
"universal","u_0060","A1","Universal Paket 001","Bordkarte","","","kartıma, Biniş kartımı, kartını","Ich lerne das Wort ""Bordkarte"".","""Bordkarte"" kelimesini öğreniyorum.","universal, batch-001, needs-review"
"universal","u_0061","A1","Universal Paket 001","braun","","","kahverengi","Ich lerne das Wort ""braun"".","""braun"" kelimesini öğreniyorum.","universal, batch-001, needs-review"
"universal","u_0062","A1","Universal Paket 001","brav","","","uslu, usludur","Ich lerne das Wort ""brav"".","""brav"" kelimesini öğreniyorum.","universal, batch-001, needs-review"
"universal","u_0063","A1","Universal Paket 001","breit","","","geniş, eninde, genişliğinde","Ich lerne das Wort ""breit"".","""breit"" kelimesini öğreniyorum.","universal, batch-001, needs-review"
"universal","u_0064","A1","Universal Paket 001","Brettspiel","","","oyununda, oyununu, oyunu","Ich lerne das Wort ""Brettspiel"".","""Brettspiel"" kelimesini öğreniyorum.","universal, batch-001, needs-review"
"universal","u_0065","A1","Universal Paket 001","Brezel","","","pretzel","Ich lerne das Wort ""Brezel"".","""Brezel"" kelimesini öğreniyorum.","universal, batch-001, needs-review"
"universal","u_0066","A1","Universal Paket 001","Briefmarke","","","pul, pulu, posta pulu","Ich lerne das Wort ""Briefmarke"".","""Briefmarke"" kelimesini öğreniyorum.","universal, batch-001, needs-review"
"universal","u_0067","A1","Universal Paket 001","Briefumschlag","","","zarf, zarfı","Ich lerne das Wort ""Briefumschlag"".","""Briefumschlag"" kelimesini öğreniyorum.","universal, batch-001, needs-review"
"universal","u_0068","A1","Universal Paket 001","Brötchen","","","ekmeği, ekmekler, ekmek","Ich lerne das Wort ""Brötchen"".","""Brötchen"" kelimesini öğreniyorum.","universal, batch-001, needs-review"
"universal","u_0069","A1","Universal Paket 001","Buch","","","kitabının, kitabı, kitaba","Ich lerne das Wort ""Buch"".","""Buch"" kelimesini öğreniyorum.","universal, batch-001, needs-review"
"universal","u_0070","A1","Universal Paket 001","Bücher","","","kitaplarımız, kitaplar, kitaplara","Ich lerne das Wort ""Bücher"".","""Bücher"" kelimesini öğreniyorum.","universal, batch-001, needs-review"
"universal","u_0071","A1","Universal Paket 001","bummeln","","","gezdi, oyalanmalıyız, dolaşıyordun","Ich lerne das Wort ""bummeln"".","""bummeln"" kelimesini öğreniyorum.","universal, batch-001, needs-review"
"universal","u_0072","A1","Universal Paket 001","Bushaltestelle","","","durağı, durağında, duraktan","Ich lerne das Wort ""Bushaltestelle"".","""Bushaltestelle"" kelimesini öğreniyorum.","universal, batch-001, needs-review"
"universal","u_0073","A1","Universal Paket 001","Caf","","","Kafeye, Kafe, kafeterya","Ich lerne das Wort ""Caf"".","""Caf"" kelimesini öğreniyorum.","universal, batch-001, needs-review"
"universal","u_0074","A1","Universal Paket 001","campen","","","yapıyoruz, yapıyor","Ich lerne das Wort ""campen"".","""campen"" kelimesini öğreniyorum.","universal, batch-001, needs-review"
"universal","u_0075","A1","Universal Paket 001","Campus","","","Kampüs, Kampüsün, Kampüsü","Ich lerne das Wort ""Campus"".","""Campus"" kelimesini öğreniyorum.","universal, batch-001, needs-review"
"universal","u_0076","A1","Universal Paket 001","Chanukka","","","Hanuka","Ich lerne das Wort ""Chanukka"".","""Chanukka"" kelimesini öğreniyorum.","universal, batch-001, needs-review"
"universal","u_0077","A1","Universal Paket 001","chillen","","","takılıyoruz, takılmak, takılırlar","Ich lerne das Wort ""chillen"".","""chillen"" kelimesini öğreniyorum.","universal, batch-001, needs-review"
"universal","u_0078","A1","Universal Paket 001","Chips","","","cips","Ich lerne das Wort ""Chips"".","""Chips"" kelimesini öğreniyorum.","universal, batch-001, needs-review"
"universal","u_0079","A1","Universal Paket 001","circa","","","yaklaşık","Ich lerne das Wort ""circa"".","""circa"" kelimesini öğreniyorum.","universal, batch-001, needs-review"
"universal","u_0080","A1","Universal Paket 001","Club","","","kulübü, kulüpten, kulüp","Ich lerne das Wort ""Club"".","""Club"" kelimesini öğreniyorum.","universal, batch-001, needs-review"
"universal","u_0081","A1","Universal Paket 001","Cola","","","kola","Ich lerne das Wort ""Cola"".","""Cola"" kelimesini öğreniyorum.","universal, batch-001, needs-review"
"universal","u_0082","A1","Universal Paket 001","Comics","","","çizgi roman","Ich lerne das Wort ""Comics"".","""Comics"" kelimesini öğreniyorum.","universal, batch-001, needs-review"
"universal","u_0083","A1","Universal Paket 001","Computer","","","bilgisayarının, bilgisayarımı, bilgisayarın","Ich lerne das Wort ""Computer"".","""Computer"" kelimesini öğreniyorum.","universal, batch-001, needs-review"
"universal","u_0084","A1","Universal Paket 001","cool","","","havalı, havalıydı, havalıyız","Ich lerne das Wort ""cool"".","""cool"" kelimesini öğreniyorum.","universal, batch-001, needs-review"
"universal","u_0085","A1","Universal Paket 001","da","","","burada, ... için ..., orada","Ich lerne das Wort ""da"".","""da"" kelimesini öğreniyorum.","universal, batch-001, needs-review"
"universal","u_0086","A1","Universal Paket 001","da drüben","","","orada","Ich lerne das Wort ""da drüben"".","""da drüben"" kelimesini öğreniyorum.","universal, batch-001, needs-review"
"universal","u_0087","A1","Universal Paket 001","da vorn","","","önde","Ich lerne das Wort ""da vorn"".","""da vorn"" kelimesini öğreniyorum.","universal, batch-001, needs-review"
"universal","u_0088","A1","Universal Paket 001","danke schön","","","teşekkür ederim","Ich lerne das Wort ""danke schön"".","""danke schön"" kelimesini öğreniyorum.","universal, batch-001, needs-review"
"universal","u_0089","A1","Universal Paket 001","das","","","istediklerini, it, buna","Ich lerne das Wort ""das"".","""das"" kelimesini öğreniyorum.","universal, batch-001, needs-review"
"universal","u_0090","A1","Universal Paket 001","das ist","","","budur, bu","Ich lerne das Wort ""das ist"".","""das ist"" kelimesini öğreniyorum.","universal, batch-001, needs-review"
"universal","u_0091","A1","Universal Paket 001","das Restaurant","","","restoran","Ich lerne das Wort ""das Restaurant"".","""das Restaurant"" kelimesini öğreniyorum.","universal, batch-001, needs-review"
"universal","u_0092","A1","Universal Paket 001","Date","","","randevun, randevusu, randevum","Ich lerne das Wort ""Date"".","""Date"" kelimesini öğreniyorum.","universal, batch-001, needs-review"
"universal","u_0093","A1","Universal Paket 001","dein","","","asistanın, telefonunu, gömleğinin","Ich lerne das Wort ""dein"".","""dein"" kelimesini öğreniyorum.","universal, batch-001, needs-review"
"universal","u_0094","A1","Universal Paket 001","Denkmal","","","Anıt, Anıtı, anıtta","Ich lerne das Wort ""Denkmal"".","""Denkmal"" kelimesini öğreniyorum.","universal, batch-001, needs-review"
"universal","u_0095","A1","Universal Paket 001","der","","","olanını, Artikel (Feminin, Dativ), denizi'nin","Ich lerne das Wort ""der"".","""der"" kelimesini öğreniyorum.","universal, batch-001, needs-review"
"universal","u_0096","A1","Universal Paket 001","deutlich","","","seçik, aşikar, sarih","Ich lerne das Wort ""deutlich"".","""deutlich"" kelimesini öğreniyorum.","universal, batch-001, needs-review"
"universal","u_0097","A1","Universal Paket 001","deutsch","","","almanca, alman","Ich lerne das Wort ""deutsch"".","""deutsch"" kelimesini öğreniyorum.","universal, batch-001, needs-review"
"universal","u_0098","A1","Universal Paket 001","Deutschland","","","Almanya, almanya'daki","Ich lerne das Wort ""Deutschland"".","""Deutschland"" kelimesini öğreniyorum.","universal, batch-001, needs-review"
"universal","u_0099","A1","Universal Paket 001","die","","","olanları, bu","Ich lerne das Wort ""die"".","""die"" kelimesini öğreniyorum.","universal, batch-001, needs-review"
"universal","u_0100","A1","Universal Paket 001","Direktor","","","müdürü, müdürüm, yöneticisine","Ich lerne das Wort ""Direktor"".","""Direktor"" kelimesini öğreniyorum.","universal, batch-001, needs-review"
"universal","u_0101","A1","Universal Paket 001","Doppelzimmer","","","çift kişilik oda, çift kişilik odaya","Ich lerne das Wort ""Doppelzimmer"".","""Doppelzimmer"" kelimesini öğreniyorum.","universal, batch-001, needs-review"
"universal","u_0102","A1","Universal Paket 001","drei","","","üç","Ich lerne das Wort ""drei"".","""drei"" kelimesini öğreniyorum.","universal, batch-001, needs-review"
"universal","u_0103","A1","Universal Paket 001","dreißig","","","otuzdan, otuz, otuzuna","Ich lerne das Wort ""dreißig"".","""dreißig"" kelimesini öğreniyorum.","universal, batch-001, needs-review"
"universal","u_0104","A1","Universal Paket 001","dreizehn","","","on üç","Ich lerne das Wort ""dreizehn"".","""dreizehn"" kelimesini öğreniyorum.","universal, batch-001, needs-review"
"universal","u_0105","A1","Universal Paket 001","dringend","","","Acilen","Ich lerne das Wort ""dringend"".","""dringend"" kelimesini öğreniyorum.","universal, batch-001, needs-review"
"universal","u_0106","A1","Universal Paket 001","dritte","","","üçüncü","Ich lerne das Wort ""dritte"".","""dritte"" kelimesini öğreniyorum.","universal, batch-001, needs-review"
"universal","u_0107","A1","Universal Paket 001","Drogerie","","","eczane, eczaneye","Ich lerne das Wort ""Drogerie"".","""Drogerie"" kelimesini öğreniyorum.","universal, batch-001, needs-review"
"universal","u_0108","A1","Universal Paket 001","du","","","sen, senin","Ich lerne das Wort ""du"".","""du"" kelimesini öğreniyorum.","universal, batch-001, needs-review"
"universal","u_0109","A1","Universal Paket 001","E-Mails","","","e-posta","Ich lerne das Wort ""E-Mails"".","""E-Mails"" kelimesini öğreniyorum.","universal, batch-001, needs-review"
"universal","u_0110","A1","Universal Paket 001","Eier","","","yumurtaya, yumurta, yumurtaları","Ich lerne das Wort ""Eier"".","""Eier"" kelimesini öğreniyorum.","universal, batch-001, needs-review"
"universal","u_0111","A1","Universal Paket 001","eigentlich","","","aslında","Ich lerne das Wort ""eigentlich"".","""eigentlich"" kelimesini öğreniyorum.","universal, batch-001, needs-review"
"universal","u_0112","A1","Universal Paket 001","ein","","","gir, bir (Maskulin)","Ich lerne das Wort ""ein"".","""ein"" kelimesini öğreniyorum.","universal, batch-001, needs-review"
"universal","u_0113","A1","Universal Paket 001","ein bisschen","","","biraz","Ich lerne das Wort ""ein bisschen"".","""ein bisschen"" kelimesini öğreniyorum.","universal, batch-001, needs-review"
"universal","u_0114","A1","Universal Paket 001","ein paar","","","birkaç","Ich lerne das Wort ""ein paar"".","""ein paar"" kelimesini öğreniyorum.","universal, batch-001, needs-review"
"universal","u_0115","A1","Universal Paket 001","eine","","","bir, bir (Feminin, Nominativ)","Ich lerne das Wort ""eine"".","""eine"" kelimesini öğreniyorum.","universal, batch-001, needs-review"
"universal","u_0116","A1","Universal Paket 001","einen Moment","","","bir dakika","Ich lerne das Wort ""einen Moment"".","""einen Moment"" kelimesini öğreniyorum.","universal, batch-001, needs-review"
"universal","u_0117","A1","Universal Paket 001","einfach","","","basitçe, kolaydır, kuşkusuz","Ich lerne das Wort ""einfach"".","""einfach"" kelimesini öğreniyorum.","universal, batch-001, needs-review"
"universal","u_0118","A1","Universal Paket 001","Einkaufszentrum","","","Alışveriş merkezi, Alışveriş merkezine, merkezi","Ich lerne das Wort ""Einkaufszentrum"".","""Einkaufszentrum"" kelimesini öğreniyorum.","universal, batch-001, needs-review"
"universal","u_0119","A1","Universal Paket 001","einladen","","","etsem, davet etmeliyiz, çağırırız","Ich lerne das Wort ""einladen"".","""einladen"" kelimesini öğreniyorum.","universal, batch-001, needs-review"
"universal","u_0120","A1","Universal Paket 001","einpacken","","","paketlemeli, koymayı, paketle","Ich lerne das Wort ""einpacken"".","""einpacken"" kelimesini öğreniyorum.","universal, batch-001, needs-review"
"universal","u_0121","A1","Universal Paket 001","eins","","","bir","Ich lerne das Wort ""eins"".","""eins"" kelimesini öğreniyorum.","universal, batch-001, needs-review"
"universal","u_0122","A1","Universal Paket 001","Eis","","","Dondurmam, dondurmamı, dondurma","Ich lerne das Wort ""Eis"".","""Eis"" kelimesini öğreniyorum.","universal, batch-001, needs-review"
"universal","u_0123","A1","Universal Paket 001","elegant","","","şık, zarifçe","Ich lerne das Wort ""elegant"".","""elegant"" kelimesini öğreniyorum.","universal, batch-001, needs-review"
"universal","u_0124","A1","Universal Paket 001","Empfänger","","","alıcı, alıcısı, muhatap","Ich lerne das Wort ""Empfänger"".","""Empfänger"" kelimesini öğreniyorum.","universal, batch-001, needs-review"
"universal","u_0125","A1","Universal Paket 001","empfehlen","","","önerir, edersiniz, öneriyorum","Ich lerne das Wort ""empfehlen"".","""empfehlen"" kelimesini öğreniyorum.","universal, batch-001, needs-review"
"universal","u_0126","A1","Universal Paket 001","endlich","","","sonunda","Ich lerne das Wort ""endlich"".","""endlich"" kelimesini öğreniyorum.","universal, batch-001, needs-review"
"universal","u_0127","A1","Universal Paket 001","Englisch","","","İngilizce","Ich lerne das Wort ""Englisch"".","""Englisch"" kelimesini öğreniyorum.","universal, batch-001, needs-review"
"universal","u_0128","A1","Universal Paket 001","er","","","er, O (Maskulin 3. tekil kişi zamiri)","Ich lerne das Wort ""er"".","""er"" kelimesini öğreniyorum.","universal, batch-001, needs-review"
"universal","u_0129","A1","Universal Paket 001","Erdbeere","","","çilektir, çilek","Ich lerne das Wort ""Erdbeere"".","""Erdbeere"" kelimesini öğreniyorum.","universal, batch-001, needs-review"
"universal","u_0130","A1","Universal Paket 001","erleichtert","","","kolaylaştırır, rahatladık, rahatladım","Ich lerne das Wort ""erleichtert"".","""erleichtert"" kelimesini öğreniyorum.","universal, batch-001, needs-review"
"universal","u_0131","A1","Universal Paket 001","erschöpft","","","yorgun, düşmüş, yorgunum","Ich lerne das Wort ""erschöpft"".","""erschöpft"" kelimesini öğreniyorum.","universal, batch-001, needs-review"
"universal","u_0132","A1","Universal Paket 001","erste","","","ilk, birinci, i̇lk","Ich lerne das Wort ""erste"".","""erste"" kelimesini öğreniyorum.","universal, batch-001, needs-review"
"universal","u_0133","A1","Universal Paket 001","es","","","it","Ich lerne das Wort ""es"".","""es"" kelimesini öğreniyorum.","universal, batch-001, needs-review"
"universal","u_0134","A1","Universal Paket 001","etwas","","","bir şey","Ich lerne das Wort ""etwas"".","""etwas"" kelimesini öğreniyorum.","universal, batch-001, needs-review"
"universal","u_0135","A1","Universal Paket 001","euer","","","sizin, treniniz, sizinkine","Ich lerne das Wort ""euer"".","""euer"" kelimesini öğreniyorum.","universal, batch-001, needs-review"
"universal","u_0136","A1","Universal Paket 001","eure","","","sizin, ceketlerinize, sizinkine","Ich lerne das Wort ""eure"".","""eure"" kelimesini öğreniyorum.","universal, batch-001, needs-review"
"universal","u_0137","A1","Universal Paket 001","Exfreund","","","Eski erkek arkadaşım, eski erkek arkadaşı, eski erkek arkadaşımla","Ich lerne das Wort ""Exfreund"".","""Exfreund"" kelimesini öğreniyorum.","universal, batch-001, needs-review"
"universal","u_0138","A1","Universal Paket 001","Fahrt","","","yolculuk","Ich lerne das Wort ""Fahrt"".","""Fahrt"" kelimesini öğreniyorum.","universal, batch-001, needs-review"
"universal","u_0139","A1","Universal Paket 001","fair","","","adil, adilce, eşitçe","Ich lerne das Wort ""fair"".","""fair"" kelimesini öğreniyorum.","universal, batch-001, needs-review"
"universal","u_0140","A1","Universal Paket 001","fast","","","neredeyse","Ich lerne das Wort ""fast"".","""fast"" kelimesini öğreniyorum.","universal, batch-001, needs-review"
"universal","u_0141","A1","Universal Paket 001","fehlen","","","yoksundum, olmaması, eksik","Ich lerne das Wort ""fehlen"".","""fehlen"" kelimesini öğreniyorum.","universal, batch-001, needs-review"
"universal","u_0142","A1","Universal Paket 001","feiern","","","kutladığımız, kutlayacağız, kutlanır","Ich lerne das Wort ""feiern"".","""feiern"" kelimesini öğreniyorum.","universal, batch-001, needs-review"
"universal","u_0143","A1","Universal Paket 001","Ferien","","","tatil","Ich lerne das Wort ""Ferien"".","""Ferien"" kelimesini öğreniyorum.","universal, batch-001, needs-review"
"universal","u_0144","A1","Universal Paket 001","Film","","","filminden, videona, filminin","Ich lerne das Wort ""Film"".","""Film"" kelimesini öğreniyorum.","universal, batch-001, needs-review"
"universal","u_0145","A1","Universal Paket 001","findest","","","bulmuyorsun, bulmak, bulduğunu","Ich lerne das Wort ""findest"".","""findest"" kelimesini öğreniyorum.","universal, batch-001, needs-review"
"universal","u_0146","A1","Universal Paket 001","findet","","","bulmuyor, bulmasın, buluyor","Ich lerne das Wort ""findet"".","""findet"" kelimesini öğreniyorum.","universal, batch-001, needs-review"
"universal","u_0147","A1","Universal Paket 001","fischen","","","tutuyoruz, avlanmayı, balıkla","Ich lerne das Wort ""fischen"".","""fischen"" kelimesini öğreniyorum.","universal, batch-001, needs-review"
"universal","u_0148","A1","Universal Paket 001","Fitnessstudio","","","salonundaydım, salonına, salonuna","Ich lerne das Wort ""Fitnessstudio"".","""Fitnessstudio"" kelimesini öğreniyorum.","universal, batch-001, needs-review"
"universal","u_0149","A1","Universal Paket 001","Flasche","","","şişelerde, matara, şişemi","Ich lerne das Wort ""Flasche"".","""Flasche"" kelimesini öğreniyorum.","universal, batch-001, needs-review"
"universal","u_0150","A1","Universal Paket 001","fliegen","","","uçuyoruz, uçsam, uçuyorlar","Ich lerne das Wort ""fliegen"".","""fliegen"" kelimesini öğreniyorum.","universal, batch-001, needs-review"
"universal","u_0151","A1","Universal Paket 001","Flohmarkt","","","pazarını, pazarı","Ich lerne das Wort ""Flohmarkt"".","""Flohmarkt"" kelimesini öğreniyorum.","universal, batch-001, needs-review"
"universal","u_0152","A1","Universal Paket 001","Flugnummer","","","uçuş numarası","Ich lerne das Wort ""Flugnummer"".","""Flugnummer"" kelimesini öğreniyorum.","universal, batch-001, needs-review"
"universal","u_0153","A1","Universal Paket 001","fotografieren","","","çekeriz, çektiğim, çekerler","Ich lerne das Wort ""fotografieren"".","""fotografieren"" kelimesini öğreniyorum.","universal, batch-001, needs-review"
"universal","u_0154","A1","Universal Paket 001","fragen","","","sorarız, soracağıma, danış","Ich lerne das Wort ""fragen"".","""fragen"" kelimesini öğreniyorum.","universal, batch-001, needs-review"
"universal","u_0155","A1","Universal Paket 001","Frankreich","","","fransa'dan, fransayı, Fransa","Ich lerne das Wort ""Frankreich"".","""Frankreich"" kelimesini öğreniyorum.","universal, batch-001, needs-review"
"universal","u_0156","A1","Universal Paket 001","Frau","","","bayan","Ich lerne das Wort ""Frau"".","""Frau"" kelimesini öğreniyorum.","universal, batch-001, needs-review"
"universal","u_0157","A1","Universal Paket 001","frech","","","fahiş, küstahça, kabadır","Ich lerne das Wort ""frech"".","""frech"" kelimesini öğreniyorum.","universal, batch-001, needs-review"
"universal","u_0158","A1","Universal Paket 001","Freund","","","kankam, arkadaş, yoldaşı","Ich lerne das Wort ""Freund"".","""Freund"" kelimesini öğreniyorum.","universal, batch-001, needs-review"
"universal","u_0159","A1","Universal Paket 001","Freunde","","","arkadaşı, arkadaş, arkadaşlar","Ich lerne das Wort ""Freunde"".","""Freunde"" kelimesini öğreniyorum.","universal, batch-001, needs-review"
"universal","u_0160","A1","Universal Paket 001","Freundinnen","","","kız arkadaşlar","Ich lerne das Wort ""Freundinnen"".","""Freundinnen"" kelimesini öğreniyorum.","universal, batch-001, needs-review"
"universal","u_0161","A1","Universal Paket 001","frisch","","","dinç, taze, ferah","Ich lerne das Wort ""frisch"".","""frisch"" kelimesini öğreniyorum.","universal, batch-001, needs-review"
"universal","u_0162","A1","Universal Paket 001","Führung","","","tur","Ich lerne das Wort ""Führung"".","""Führung"" kelimesini öğreniyorum.","universal, batch-001, needs-review"
"universal","u_0163","A1","Universal Paket 001","fünf","","","beşi, beş","Ich lerne das Wort ""fünf"".","""fünf"" kelimesini öğreniyorum.","universal, batch-001, needs-review"
"universal","u_0164","A1","Universal Paket 001","fünfzehn","","","on beş","Ich lerne das Wort ""fünfzehn"".","""fünfzehn"" kelimesini öğreniyorum.","universal, batch-001, needs-review"
"universal","u_0165","A1","Universal Paket 001","fünfzig","","","elli, ellide, ellidir","Ich lerne das Wort ""fünfzig"".","""fünfzig"" kelimesini öğreniyorum.","universal, batch-001, needs-review"
"universal","u_0166","A1","Universal Paket 001","für","","","için, mutfağıyla, yöneliktir","Ich lerne das Wort ""für"".","""für"" kelimesini öğreniyorum.","universal, batch-001, needs-review"
"universal","u_0167","A1","Universal Paket 001","furchtbar","","","korkunç","Ich lerne das Wort ""furchtbar"".","""furchtbar"" kelimesini öğreniyorum.","universal, batch-001, needs-review"
"universal","u_0168","A1","Universal Paket 001","ganz","","","tam","Ich lerne das Wort ""ganz"".","""ganz"" kelimesini öğreniyorum.","universal, batch-001, needs-review"
"universal","u_0169","A1","Universal Paket 001","gar nicht","","","hiç","Ich lerne das Wort ""gar nicht"".","""gar nicht"" kelimesini öğreniyorum.","universal, batch-001, needs-review"
"universal","u_0170","A1","Universal Paket 001","Gäste","","","misafirler, misafire, konukları","Ich lerne das Wort ""Gäste"".","""Gäste"" kelimesini öğreniyorum.","universal, batch-001, needs-review"
"universal","u_0171","A1","Universal Paket 001","Gate","","","kapı, kapıyı, kapımı","Ich lerne das Wort ""Gate"".","""Gate"" kelimesini öğreniyorum.","universal, batch-001, needs-review"
"universal","u_0172","A1","Universal Paket 001","Gebäude","","","binaları, binanın, bina","Ich lerne das Wort ""Gebäude"".","""Gebäude"" kelimesini öğreniyorum.","universal, batch-001, needs-review"
"universal","u_0173","A1","Universal Paket 001","gefährlich","","","tehlikeliydi, tehlikeli, tehlikelidir","Ich lerne das Wort ""gefährlich"".","""gefährlich"" kelimesini öğreniyorum.","universal, batch-001, needs-review"
"universal","u_0174","A1","Universal Paket 001","geheim","","","gizli, gizlenmiş","Ich lerne das Wort ""geheim"".","""geheim"" kelimesini öğreniyorum.","universal, batch-001, needs-review"
"universal","u_0175","A1","Universal Paket 001","gelb","","","sarı, sarıdır, sarıya","Ich lerne das Wort ""gelb"".","""gelb"" kelimesini öğreniyorum.","universal, batch-001, needs-review"
"universal","u_0176","A1","Universal Paket 001","Geld","","","parası, nakde, para","Ich lerne das Wort ""Geld"".","""Geld"" kelimesini öğreniyorum.","universal, batch-001, needs-review"
"universal","u_0177","A1","Universal Paket 001","gemein","","","kaba","Ich lerne das Wort ""gemein"".","""gemein"" kelimesini öğreniyorum.","universal, batch-001, needs-review"
"universal","u_0178","A1","Universal Paket 001","gemütlich","","","rahat","Ich lerne das Wort ""gemütlich"".","""gemütlich"" kelimesini öğreniyorum.","universal, batch-001, needs-review"
"universal","u_0179","A1","Universal Paket 001","geöffnet","","","açılmış, açtınız, açtım","Ich lerne das Wort ""geöffnet"".","""geöffnet"" kelimesini öğreniyorum.","universal, batch-001, needs-review"
"universal","u_0180","A1","Universal Paket 001","gerade","","","şu anda, derken","Ich lerne das Wort ""gerade"".","""gerade"" kelimesini öğreniyorum.","universal, batch-001, needs-review"
"universal","u_0181","A1","Universal Paket 001","Geschäft","","","firmamızda, i̇şim, i̇şimin","Ich lerne das Wort ""Geschäft"".","""Geschäft"" kelimesini öğreniyorum.","universal, batch-001, needs-review"
"universal","u_0182","A1","Universal Paket 001","Geschenk","","","hediyeye, hediyelerini, eşyamız","Ich lerne das Wort ""Geschenk"".","""Geschenk"" kelimesini öğreniyorum.","universal, batch-001, needs-review"
"universal","u_0183","A1","Universal Paket 001","Geschenke","","","hediyeye, hediyeler, hediye","Ich lerne das Wort ""Geschenke"".","""Geschenke"" kelimesini öğreniyorum.","universal, batch-001, needs-review"
"universal","u_0184","A1","Universal Paket 001","Geschichte","","","hikayeyi, hikaye, hikayelerini","Ich lerne das Wort ""Geschichte"".","""Geschichte"" kelimesini öğreniyorum.","universal, batch-001, needs-review"
"universal","u_0185","A1","Universal Paket 001","Geschichten","","","hikaye","Ich lerne das Wort ""Geschichten"".","""Geschichten"" kelimesini öğreniyorum.","universal, batch-001, needs-review"
"universal","u_0186","A1","Universal Paket 001","Geschwister","","","kardeşler, kardeş, kardeşleri","Ich lerne das Wort ""Geschwister"".","""Geschwister"" kelimesini öğreniyorum.","universal, batch-001, needs-review"
"universal","u_0187","A1","Universal Paket 001","gestresst","","","stresliyken, stresleniyorum, stresliyim","Ich lerne das Wort ""gestresst"".","""gestresst"" kelimesini öğreniyorum.","universal, batch-001, needs-review"
"universal","u_0188","A1","Universal Paket 001","Getränke","","","i̇çecekler, içecek, içeceklerden","Ich lerne das Wort ""Getränke"".","""Getränke"" kelimesini öğreniyorum.","universal, batch-001, needs-review"
"universal","u_0189","A1","Universal Paket 001","gibt","","","bulunmaktadır, verir, veriyor","Ich lerne das Wort ""gibt"".","""gibt"" kelimesini öğreniyorum.","universal, batch-001, needs-review"
"universal","u_0190","A1","Universal Paket 001","Gläser","","","bardakları, bardakların, bardaklar","Ich lerne das Wort ""Gläser"".","""Gläser"" kelimesini öğreniyorum.","universal, batch-001, needs-review"
"universal","u_0191","A1","Universal Paket 001","gleich","","","aynı","Ich lerne das Wort ""gleich"".","""gleich"" kelimesini öğreniyorum.","universal, batch-001, needs-review"
"universal","u_0192","A1","Universal Paket 001","Golf","","","golfu, Golf","Ich lerne das Wort ""Golf"".","""Golf"" kelimesini öğreniyorum.","universal, batch-001, needs-review"
"universal","u_0193","A1","Universal Paket 001","grau","","","gri","Ich lerne das Wort ""grau"".","""grau"" kelimesini öğreniyorum.","universal, batch-001, needs-review"
"universal","u_0194","A1","Universal Paket 001","grillen","","","yapıyoruz, ızgara","Ich lerne das Wort ""grillen"".","""grillen"" kelimesini öğreniyorum.","universal, batch-001, needs-review"
"universal","u_0195","A1","Universal Paket 001","Grillparty","","","mangal partisi","Ich lerne das Wort ""Grillparty"".","""Grillparty"" kelimesini öğreniyorum.","universal, batch-001, needs-review"
"universal","u_0196","A1","Universal Paket 001","Großeltern","","","büyükbaba ve büyükanne, ebeveynlerimizi","Ich lerne das Wort ""Großeltern"".","""Großeltern"" kelimesini öğreniyorum.","universal, batch-001, needs-review"
"universal","u_0197","A1","Universal Paket 001","grün","","","yeşil, yeşildir","Ich lerne das Wort ""grün"".","""grün"" kelimesini öğreniyorum.","universal, batch-001, needs-review"
"universal","u_0198","A1","Universal Paket 001","guck mal","","","bak","Ich lerne das Wort ""guck mal"".","""guck mal"" kelimesini öğreniyorum.","universal, batch-001, needs-review"
"universal","u_0199","A1","Universal Paket 001","Gulasch","","","gulaşı, gulaş","Ich lerne das Wort ""Gulasch"".","""Gulasch"" kelimesini öğreniyorum.","universal, batch-001, needs-review"
"universal","u_0200","A1","Universal Paket 001","günstig","","","hesaplıdır, avantajlı, uygun fiyatlı","Ich lerne das Wort ""günstig"".","""günstig"" kelimesini öğreniyorum.","universal, batch-001, needs-review"
"universal","u_0201","A1","Universal Paket 001","Gurke","","","Salatalık, salatalığa","Ich lerne das Wort ""Gurke"".","""Gurke"" kelimesini öğreniyorum.","universal, batch-001, needs-review"
"universal","u_0202","A1","Universal Paket 001","gut","","","iyidirler, i̇yi, iyiye","Ich lerne das Wort ""gut"".","""gut"" kelimesini öğreniyorum.","universal, batch-001, needs-review"
"universal","u_0203","A1","Universal Paket 001","gut drauf","","","neşeli","Ich lerne das Wort ""gut drauf"".","""gut drauf"" kelimesini öğreniyorum.","universal, batch-001, needs-review"
"universal","u_0204","A1","Universal Paket 001","gut gemacht","","","aferin","Ich lerne das Wort ""gut gemacht"".","""gut gemacht"" kelimesini öğreniyorum.","universal, batch-001, needs-review"
"universal","u_0205","A1","Universal Paket 001","gute Reise","","","iyi yolculuklar","Ich lerne das Wort ""gute Reise"".","""gute Reise"" kelimesini öğreniyorum.","universal, batch-001, needs-review"
"universal","u_0206","A1","Universal Paket 001","Hähnchen","","","tavuklu, piliç, Tavuk","Ich lerne das Wort ""Hähnchen"".","""Hähnchen"" kelimesini öğreniyorum.","universal, batch-001, needs-review"
"universal","u_0207","A1","Universal Paket 001","Hamburg","","","Hamburg (Şehir), hamburg'u","Ich lerne das Wort ""Hamburg"".","""Hamburg"" kelimesini öğreniyorum.","universal, batch-001, needs-review"
"universal","u_0208","A1","Universal Paket 001","Handball","","","hentbol","Ich lerne das Wort ""Handball"".","""Handball"" kelimesini öğreniyorum.","universal, batch-001, needs-review"
"universal","u_0209","A1","Universal Paket 001","Handtuch","","","havluyu, havlu, havlularını","Ich lerne das Wort ""Handtuch"".","""Handtuch"" kelimesini öğreniyorum.","universal, batch-001, needs-review"
"universal","u_0210","A1","Universal Paket 001","hassen","","","nefret ediyorsun, nefret ediyoruz, nefret ediyor, sevmediğin","Ich lerne das Wort ""hassen"".","""hassen"" kelimesini öğreniyorum.","universal, batch-001, needs-review"
"universal","u_0211","A1","Universal Paket 001","hast","","","ettin, sahip, söyledin","Ich lerne das Wort ""hast"".","""hast"" kelimesini öğreniyorum.","universal, batch-001, needs-review"
"universal","u_0212","A1","Universal Paket 001","hat","","","var, vardır, sahiptir","Ich lerne das Wort ""hat"".","""hat"" kelimesini öğreniyorum.","universal, batch-001, needs-review"
"universal","u_0213","A1","Universal Paket 001","Haustiere","","","hayvanlar, hayvanlarım, hayvanların","Ich lerne das Wort ""Haustiere"".","""Haustiere"" kelimesini öğreniyorum.","universal, batch-001, needs-review"
"universal","u_0214","A1","Universal Paket 001","helfen","","","ediyorsa, yardım edeceksiniz, desteklerdik","Ich lerne das Wort ""helfen"".","""helfen"" kelimesini öğreniyorum.","universal, batch-001, needs-review"
"universal","u_0215","A1","Universal Paket 001","hell","","","aydınlık, parlak, ışıl","Ich lerne das Wort ""hell"".","""hell"" kelimesini öğreniyorum.","universal, batch-001, needs-review"
"universal","u_0216","A1","Universal Paket 001","Herr","","","Bay","Ich lerne das Wort ""Herr"".","""Herr"" kelimesini öğreniyorum.","universal, batch-001, needs-review"
"universal","u_0217","A1","Universal Paket 001","heute Abend","","","bu akşam","Ich lerne das Wort ""heute Abend"".","""heute Abend"" kelimesini öğreniyorum.","universal, batch-001, needs-review"
"universal","u_0218","A1","Universal Paket 001","hilfsbereit","","","yardımseversiniz, yardımsever, yardımseversin","Ich lerne das Wort ""hilfsbereit"".","""hilfsbereit"" kelimesini öğreniyorum.","universal, batch-001, needs-review"
"universal","u_0219","A1","Universal Paket 001","hilft","","","yardımcı olur, eden, yardımcı oluyor","Ich lerne das Wort ""hilft"".","""hilft"" kelimesini öğreniyorum.","universal, batch-001, needs-review"
"universal","u_0220","A1","Universal Paket 001","hoch","","","yüksek","Ich lerne das Wort ""hoch"".","""hoch"" kelimesini öğreniyorum.","universal, batch-001, needs-review"
"universal","u_0221","A1","Universal Paket 001","hoffentlich","","","umarım, inşallah, i̇nşallah","Ich lerne das Wort ""hoffentlich"".","""hoffentlich"" kelimesini öğreniyorum.","universal, batch-001, needs-review"
"universal","u_0222","A1","Universal Paket 001","holen","","","getirse, almada, getirebiliriz","Ich lerne das Wort ""holen"".","""holen"" kelimesini öğreniyorum.","universal, batch-001, needs-review"
"universal","u_0223","A1","Universal Paket 001","Hose","","","pantolonuna, pantolona, pantolonumu","Ich lerne das Wort ""Hose"".","""Hose"" kelimesini öğreniyorum.","universal, batch-001, needs-review"
"universal","u_0224","A1","Universal Paket 001","Hotel","","","otelle, otel, otelin","Ich lerne das Wort ""Hotel"".","""Hotel"" kelimesini öğreniyorum.","universal, batch-001, needs-review"
"universal","u_0225","A1","Universal Paket 001","Hund","","","köpeğidir, köpeğe, köpek","Ich lerne das Wort ""Hund"".","""Hund"" kelimesini öğreniyorum.","universal, batch-001, needs-review"
"universal","u_0226","A1","Universal Paket 001","hundert","","","yüz","Ich lerne das Wort ""hundert"".","""hundert"" kelimesini öğreniyorum.","universal, batch-001, needs-review"
"universal","u_0227","A1","Universal Paket 001","hurra","","","yaşasın","Ich lerne das Wort ""hurra"".","""hurra"" kelimesini öğreniyorum.","universal, batch-001, needs-review"
"universal","u_0228","A1","Universal Paket 001","Hut","","","hat, şapkaya, şapkanın","Ich lerne das Wort ""Hut"".","""Hut"" kelimesini öğreniyorum.","universal, batch-001, needs-review"
"universal","u_0229","A1","Universal Paket 001","ich","","","ben, benim","Ich lerne das Wort ""ich"".","""ich"" kelimesini öğreniyorum.","universal, batch-001, needs-review"
"universal","u_0230","A1","Universal Paket 001","ich auch","","","ben de","Ich lerne das Wort ""ich auch"".","""ich auch"" kelimesini öğreniyorum.","universal, batch-001, needs-review"
"universal","u_0231","A1","Universal Paket 001","ich bin","","","ben","Ich lerne das Wort ""ich bin"".","""ich bin"" kelimesini öğreniyorum.","universal, batch-001, needs-review"
"universal","u_0232","A1","Universal Paket 001","ich heiße","","","benim adım","Ich lerne das Wort ""ich heiße"".","""ich heiße"" kelimesini öğreniyorum.","universal, batch-001, needs-review"
"universal","u_0233","A1","Universal Paket 001","ich komme aus","","","geliyorum","Ich lerne das Wort ""ich komme aus"".","""ich komme aus"" kelimesini öğreniyorum.","universal, batch-001, needs-review"
"universal","u_0234","A1","Universal Paket 001","Idee","","","fikri, hayaline, fikrine","Ich lerne das Wort ""Idee"".","""Idee"" kelimesini öğreniyorum.","universal, batch-001, needs-review"
"universal","u_0235","A1","Universal Paket 001","ihr","","","onların, siz, sizin","Ich lerne das Wort ""ihr"".","""ihr"" kelimesini öğreniyorum.","universal, batch-001, needs-review"
"universal","u_0236","A1","Universal Paket 001","im","","","parkındaki, kattadır, ayında","Ich lerne das Wort ""im"".","""im"" kelimesini öğreniyorum.","universal, batch-001, needs-review"
"universal","u_0237","A1","Universal Paket 001","im Angebot","","","indirimde","Ich lerne das Wort ""im Angebot"".","""im Angebot"" kelimesini öğreniyorum.","universal, batch-001, needs-review"
"universal","u_0238","A1","Universal Paket 001","im Ausland","","","yurt dışı","Ich lerne das Wort ""im Ausland"".","""im Ausland"" kelimesini öğreniyorum.","universal, batch-001, needs-review"
"universal","u_0239","A1","Universal Paket 001","im Garten","","","bahçe","Ich lerne das Wort ""im Garten"".","""im Garten"" kelimesini öğreniyorum.","universal, batch-001, needs-review"
"universal","u_0240","A1","Universal Paket 001","im Urlaub","","","tatilde","Ich lerne das Wort ""im Urlaub"".","""im Urlaub"" kelimesini öğreniyorum.","universal, batch-001, needs-review"
"universal","u_0241","A1","Universal Paket 001","im Zug","","","trende","Ich lerne das Wort ""im Zug"".","""im Zug"" kelimesini öğreniyorum.","universal, batch-001, needs-review"
"universal","u_0242","A1","Universal Paket 001","Imbiss","","","Büfe, atıştırmalık","Ich lerne das Wort ""Imbiss"".","""Imbiss"" kelimesini öğreniyorum.","universal, batch-001, needs-review"
"universal","u_0243","A1","Universal Paket 001","in","","","içindeki, i̇çinde, içinde","Ich lerne das Wort ""in"".","""in"" kelimesini öğreniyorum.","universal, batch-001, needs-review"
"universal","u_0244","A1","Universal Paket 001","in den Ferien","","","tatilde","Ich lerne das Wort ""in den Ferien"".","""in den Ferien"" kelimesini öğreniyorum.","universal, batch-001, needs-review"
"universal","u_0245","A1","Universal Paket 001","in der Nähe","","","yakında","Ich lerne das Wort ""in der Nähe"".","""in der Nähe"" kelimesini öğreniyorum.","universal, batch-001, needs-review"
"universal","u_0246","A1","Universal Paket 001","in die Bar","","","bar","Ich lerne das Wort ""in die Bar"".","""in die Bar"" kelimesini öğreniyorum.","universal, batch-001, needs-review"
"universal","u_0247","A1","Universal Paket 001","in Eile","","","acele içinde","Ich lerne das Wort ""in Eile"".","""in Eile"" kelimesini öğreniyorum.","universal, batch-001, needs-review"
"universal","u_0248","A1","Universal Paket 001","Indien","","","Hindistan","Ich lerne das Wort ""Indien"".","""Indien"" kelimesini öğreniyorum.","universal, batch-001, needs-review"
"universal","u_0249","A1","Universal Paket 001","ins","","","-in içine, müzesine","Ich lerne das Wort ""ins"".","""ins"" kelimesini öğreniyorum.","universal, batch-001, needs-review"
"universal","u_0250","A1","Universal Paket 001","ins Bett","","","yatağa","Ich lerne das Wort ""ins Bett"".","""ins Bett"" kelimesini öğreniyorum.","universal, batch-001, needs-review"
"universal","u_0251","A1","Universal Paket 001","Instrument","","","enstrümanının, enstrümanın, araçtır","Ich lerne das Wort ""Instrument"".","""Instrument"" kelimesini öğreniyorum.","universal, batch-001, needs-review"
"universal","u_0252","A1","Universal Paket 001","interessant","","","enteresan, ilginç, ilginçti","Ich lerne das Wort ""interessant"".","""interessant"" kelimesini öğreniyorum.","universal, batch-001, needs-review"
"universal","u_0253","A1","Universal Paket 001","isst","","","tüketmiyor, yemek, (o) yiyor / yer","Ich lerne das Wort ""isst"".","""isst"" kelimesini öğreniyorum.","universal, batch-001, needs-review"
"universal","u_0254","A1","Universal Paket 001","ist","","","var, olmak (3. Tekil kişi), biridir","Ich lerne das Wort ""ist"".","""ist"" kelimesini öğreniyorum.","universal, batch-001, needs-review"
"universal","u_0255","A1","Universal Paket 001","Jahre","","","yaşın, yıldan, yıl","Ich lerne das Wort ""Jahre"".","""Jahre"" kelimesini öğreniyorum.","universal, batch-001, needs-review"
"universal","u_0256","A1","Universal Paket 001","Jazz","","","caz","Ich lerne das Wort ""Jazz"".","""Jazz"" kelimesini öğreniyorum.","universal, batch-001, needs-review"
"universal","u_0257","A1","Universal Paket 001","jeden Tag","","","her gün","Ich lerne das Wort ""jeden Tag"".","""jeden Tag"" kelimesini öğreniyorum.","universal, batch-001, needs-review"
"universal","u_0258","A1","Universal Paket 001","joggen","","","koşarız, koşar, koşarlar","Ich lerne das Wort ""joggen"".","""joggen"" kelimesini öğreniyorum.","universal, batch-001, needs-review"
"universal","u_0259","A1","Universal Paket 001","Jungen","","","erkek çocuklar","Ich lerne das Wort ""Jungen"".","""Jungen"" kelimesini öğreniyorum.","universal, batch-001, needs-review"
"universal","u_0260","A1","Universal Paket 001","Kaffeemaschine","","","makinemizi, makinesini, makinesine","Ich lerne das Wort ""Kaffeemaschine"".","""Kaffeemaschine"" kelimesini öğreniyorum.","universal, batch-001, needs-review"
"universal","u_0261","A1","Universal Paket 001","Kamera","","","kamerası, kamerayı, kameram","Ich lerne das Wort ""Kamera"".","""Kamera"" kelimesini öğreniyorum.","universal, batch-001, needs-review"
"universal","u_0262","A1","Universal Paket 001","Kanada","","","Kanada, kanada'yı","Ich lerne das Wort ""Kanada"".","""Kanada"" kelimesini öğreniyorum.","universal, batch-001, needs-review"
"universal","u_0263","A1","Universal Paket 001","Kaninchen","","","tavşana, tavşanımız, Tavşan","Ich lerne das Wort ""Kaninchen"".","""Kaninchen"" kelimesini öğreniyorum.","universal, batch-001, needs-review"
"universal","u_0264","A1","Universal Paket 001","Kanzler","","","şansölye","Ich lerne das Wort ""Kanzler"".","""Kanzler"" kelimesini öğreniyorum.","universal, batch-001, needs-review"
"universal","u_0265","A1","Universal Paket 001","Kappe","","","Şapkayı, şapkaya, Şapka","Ich lerne das Wort ""Kappe"".","""Kappe"" kelimesini öğreniyorum.","universal, batch-001, needs-review"
"universal","u_0266","A1","Universal Paket 001","kaputt","","","berbattı, bozuksa, kırık","Ich lerne das Wort ""kaputt"".","""kaputt"" kelimesini öğreniyorum.","universal, batch-001, needs-review"
"universal","u_0267","A1","Universal Paket 001","Karotte","","","havucu, havuç","Ich lerne das Wort ""Karotte"".","""Karotte"" kelimesini öğreniyorum.","universal, batch-001, needs-review"
"universal","u_0268","A1","Universal Paket 001","Kartoffeln","","","patatesler","Ich lerne das Wort ""Kartoffeln"".","""Kartoffeln"" kelimesini öğreniyorum.","universal, batch-001, needs-review"
"universal","u_0269","A1","Universal Paket 001","Kartoffelsalat","","","salatası","Ich lerne das Wort ""Kartoffelsalat"".","""Kartoffelsalat"" kelimesini öğreniyorum.","universal, batch-001, needs-review"
"universal","u_0270","A1","Universal Paket 001","Käsebrot","","","peynirli ekmek, peynirli ekmeği","Ich lerne das Wort ""Käsebrot"".","""Käsebrot"" kelimesini öğreniyorum.","universal, batch-001, needs-review"
"universal","u_0271","A1","Universal Paket 001","Katze","","","kedi, kedisinin, kedime","Ich lerne das Wort ""Katze"".","""Katze"" kelimesini öğreniyorum.","universal, batch-001, needs-review"
"universal","u_0272","A1","Universal Paket 001","kein","","","olumsuzluk eki, hiçbir","Ich lerne das Wort ""kein"".","""kein"" kelimesini öğreniyorum.","universal, batch-001, needs-review"
"universal","u_0273","A1","Universal Paket 001","keine Ahnung","","","hiçbir fikrim yok","Ich lerne das Wort ""keine Ahnung"".","""keine Ahnung"" kelimesini öğreniyorum.","universal, batch-001, needs-review"
"universal","u_0274","A1","Universal Paket 001","keine Sorge","","","Merak etme","Ich lerne das Wort ""keine Sorge"".","""keine Sorge"" kelimesini öğreniyorum.","universal, batch-001, needs-review"
"universal","u_0275","A1","Universal Paket 001","Kekse","","","kurabiye, kurabiyeler","Ich lerne das Wort ""Kekse"".","""Kekse"" kelimesini öğreniyorum.","universal, batch-001, needs-review"
"universal","u_0276","A1","Universal Paket 001","kennen","","","tanıyabilir, bilmeyi, biliyorsan","Ich lerne das Wort ""kennen"".","""kennen"" kelimesini öğreniyorum.","universal, batch-001, needs-review"
"universal","u_0277","A1","Universal Paket 001","Kerze","","","mum","Ich lerne das Wort ""Kerze"".","""Kerze"" kelimesini öğreniyorum.","universal, batch-001, needs-review"
"universal","u_0278","A1","Universal Paket 001","Ketchup","","","ketçap","Ich lerne das Wort ""Ketchup"".","""Ketchup"" kelimesini öğreniyorum.","universal, batch-001, needs-review"
"universal","u_0279","A1","Universal Paket 001","Kinder","","","çocukların, çocuklar, çocuklarımızı","Ich lerne das Wort ""Kinder"".","""Kinder"" kelimesini öğreniyorum.","universal, batch-001, needs-review"
"universal","u_0280","A1","Universal Paket 001","Kiosk","","","büfeye, Kiosk, kioskta","Ich lerne das Wort ""Kiosk"".","""Kiosk"" kelimesini öğreniyorum.","universal, batch-001, needs-review"
"universal","u_0281","A1","Universal Paket 001","Kirche","","","kilisede, kiliselere, kilisenin","Ich lerne das Wort ""Kirche"".","""Kirche"" kelimesini öğreniyorum.","universal, batch-001, needs-review"
"universal","u_0282","A1","Universal Paket 001","Kissen","","","kadehin, Yastığın, Yastığını","Ich lerne das Wort ""Kissen"".","""Kissen"" kelimesini öğreniyorum.","universal, batch-001, needs-review"
"universal","u_0283","A1","Universal Paket 001","Klassenzimmer","","","Sınıfa, Sınıfım, Sınıfı","Ich lerne das Wort ""Klassenzimmer"".","""Klassenzimmer"" kelimesini öğreniyorum.","universal, batch-001, needs-review"
"universal","u_0284","A1","Universal Paket 001","klassische Musik","","","klasik müzik","Ich lerne das Wort ""klassische Musik"".","""klassische Musik"" kelimesini öğreniyorum.","universal, batch-001, needs-review"
"universal","u_0285","A1","Universal Paket 001","Klavier","","","piyanonuz, piyano, piyanoya","Ich lerne das Wort ""Klavier"".","""Klavier"" kelimesini öğreniyorum.","universal, batch-001, needs-review"
"universal","u_0286","A1","Universal Paket 001","klein","","","küçüktür, küçücüktür, küçüğün","Ich lerne das Wort ""klein"".","""klein"" kelimesini öğreniyorum.","universal, batch-001, needs-review"
"universal","u_0287","A1","Universal Paket 001","klettern","","","tırmalar, tırmanması, tırmanmalıyız","Ich lerne das Wort ""klettern"".","""klettern"" kelimesini öğreniyorum.","universal, batch-001, needs-review"
"universal","u_0288","A1","Universal Paket 001","Klum","","","Klum, klum'u","Ich lerne das Wort ""Klum"".","""Klum"" kelimesini öğreniyorum.","universal, batch-001, needs-review"
"universal","u_0289","A1","Universal Paket 001","Knödel","","","Hamur köftesi, knödel","Ich lerne das Wort ""Knödel"".","""Knödel"" kelimesini öğreniyorum.","universal, batch-001, needs-review"
"universal","u_0290","A1","Universal Paket 001","Köchin","","","aşçıya, aşçının, aşçıdan","Ich lerne das Wort ""Köchin"".","""Köchin"" kelimesini öğreniyorum.","universal, batch-001, needs-review"
"universal","u_0291","A1","Universal Paket 001","Kollegen","","","meslektaşlar","Ich lerne das Wort ""Kollegen"".","""Kollegen"" kelimesini öğreniyorum.","universal, batch-001, needs-review"
"universal","u_0292","A1","Universal Paket 001","Kollegin","","","meslektaşı, meslektaş, meslektaşın","Ich lerne das Wort ""Kollegin"".","""Kollegin"" kelimesini öğreniyorum.","universal, batch-001, needs-review"
"universal","u_0293","A1","Universal Paket 001","komisch","","","garip, komiklerden","Ich lerne das Wort ""komisch"".","""komisch"" kelimesini öğreniyorum.","universal, batch-001, needs-review"
"universal","u_0294","A1","Universal Paket 001","komm","","","Gel","Ich lerne das Wort ""komm"".","""komm"" kelimesini öğreniyorum.","universal, batch-001, needs-review"
"universal","u_0295","A1","Universal Paket 001","Komödie","","","komedi, komedisi","Ich lerne das Wort ""Komödie"".","""Komödie"" kelimesini öğreniyorum.","universal, batch-001, needs-review"
"universal","u_0296","A1","Universal Paket 001","können","","","durabiliriz, yazabilir, uçabilir","Ich lerne das Wort ""können"".","""können"" kelimesini öğreniyorum.","universal, batch-001, needs-review"
"universal","u_0297","A1","Universal Paket 001","Konzert","","","konseri, konser, konsere","Ich lerne das Wort ""Konzert"".","""Konzert"" kelimesini öğreniyorum.","universal, batch-001, needs-review"
"universal","u_0298","A1","Universal Paket 001","Konzerte","","","konserler, konserleri, konserlerin","Ich lerne das Wort ""Konzerte"".","""Konzerte"" kelimesini öğreniyorum.","universal, batch-001, needs-review"
"universal","u_0299","A1","Universal Paket 001","Kräutertee","","","çayı, çayını","Ich lerne das Wort ""Kräutertee"".","""Kräutertee"" kelimesini öğreniyorum.","universal, batch-001, needs-review"
"universal","u_0300","A1","Universal Paket 001","kreativ","","","yaratıcısın, yaratıcı, yaratıcıdır","Ich lerne das Wort ""kreativ"".","""kreativ"" kelimesini öğreniyorum.","universal, batch-001, needs-review"
"universal","u_0301","A1","Universal Paket 001","Kuchen","","","Pastan, kekinden, kekini","Ich lerne das Wort ""Kuchen"".","""Kuchen"" kelimesini öğreniyorum.","universal, batch-001, needs-review"
"universal","u_0302","A1","Universal Paket 001","Kugelschreiber","","","kalem, kalemini, kalemi","Ich lerne das Wort ""Kugelschreiber"".","""Kugelschreiber"" kelimesini öğreniyorum.","universal, batch-001, needs-review"
"universal","u_0303","A1","Universal Paket 001","Kunden","","","müşteri","Ich lerne das Wort ""Kunden"".","""Kunden"" kelimesini öğreniyorum.","universal, batch-001, needs-review"
"universal","u_0304","A1","Universal Paket 001","Kunst","","","sanat","Ich lerne das Wort ""Kunst"".","""Kunst"" kelimesini öğreniyorum.","universal, batch-001, needs-review"
"universal","u_0305","A1","Universal Paket 001","Künstler","","","sanatçıya, ressamlar, sanatçıları","Ich lerne das Wort ""Künstler"".","""Künstler"" kelimesini öğreniyorum.","universal, batch-001, needs-review"
"universal","u_0306","A1","Universal Paket 001","lang","","","uzun, uzundu, uzunluğunda","Ich lerne das Wort ""lang"".","""lang"" kelimesini öğreniyorum.","universal, batch-001, needs-review"
"universal","u_0307","A1","Universal Paket 001","lass uns","","","Hadi","Ich lerne das Wort ""lass uns"".","""lass uns"" kelimesini öğreniyorum.","universal, batch-001, needs-review"
"universal","u_0308","A1","Universal Paket 001","leer","","","boştu, boş, boşum","Ich lerne das Wort ""leer"".","""leer"" kelimesini öğreniyorum.","universal, batch-001, needs-review"
"universal","u_0309","A1","Universal Paket 001","Lehrer","","","öğretmeni, öğretmenidir, eğitimci","Ich lerne das Wort ""Lehrer"".","""Lehrer"" kelimesini öğreniyorum.","universal, batch-001, needs-review"
"universal","u_0310","A1","Universal Paket 001","Lehrerin","","","öğretmenleri, öğretmenlerin, öğretmenime","Ich lerne das Wort ""Lehrerin"".","""Lehrerin"" kelimesini öğreniyorum.","universal, batch-001, needs-review"
"universal","u_0311","A1","Universal Paket 001","leider","","","maalesef","Ich lerne das Wort ""leider"".","""leider"" kelimesini öğreniyorum.","universal, batch-001, needs-review"
"universal","u_0312","A1","Universal Paket 001","leihen","","","vermelisin, verebilir, verebilirim","Ich lerne das Wort ""leihen"".","""leihen"" kelimesini öğreniyorum.","universal, batch-001, needs-review"
"universal","u_0313","A1","Universal Paket 001","Leute","","","kişiler, insanlarının, kişileri","Ich lerne das Wort ""Leute"".","""Leute"" kelimesini öğreniyorum.","universal, batch-001, needs-review"
"universal","u_0314","A1","Universal Paket 001","lieb","","","sevimli, sevimlisin","Ich lerne das Wort ""lieb"".","""lieb"" kelimesini öğreniyorum.","universal, batch-001, needs-review"
"universal","u_0315","A1","Universal Paket 001","lieber","","","tercih etmek","Ich lerne das Wort ""lieber"".","""lieber"" kelimesini öğreniyorum.","universal, batch-001, needs-review"
"universal","u_0316","A1","Universal Paket 001","liest","","","okuduğunda, okuyor, okursun","Ich lerne das Wort ""liest"".","""liest"" kelimesini öğreniyorum.","universal, batch-001, needs-review"
"universal","u_0317","A1","Universal Paket 001","Lisa","","","lisa'yı, Lisa, lisa'ya","Ich lerne das Wort ""Lisa"".","""Lisa"" kelimesini öğreniyorum.","universal, batch-001, needs-review"
"universal","u_0318","A1","Universal Paket 001","London","","","Londra","Ich lerne das Wort ""London"".","""London"" kelimesini öğreniyorum.","universal, batch-001, needs-review"
"universal","u_0319","A1","Universal Paket 001","mach's gut","","","kendine iyi bak","Ich lerne das Wort ""mach's gut"".","""mach's gut"" kelimesini öğreniyorum.","universal, batch-001, needs-review"
"universal","u_0320","A1","Universal Paket 001","mag","","","sevdiğimi, seviyor, hoşlanmıyorum","Ich lerne das Wort ""mag"".","""mag"" kelimesini öğreniyorum.","universal, batch-001, needs-review"
"universal","u_0321","A1","Universal Paket 001","magst","","","seviyorsun, hoşlanıyor","Ich lerne das Wort ""magst"".","""magst"" kelimesini öğreniyorum.","universal, batch-001, needs-review"
"universal","u_0322","A1","Universal Paket 001","malen","","","çiziyorsun, boyuyoruz, resmediyor","Ich lerne das Wort ""malen"".","""malen"" kelimesini öğreniyorum.","universal, batch-001, needs-review"
"universal","u_0323","A1","Universal Paket 001","Mann","","","Erkek, Adam, adamla","Ich lerne das Wort ""Mann"".","""Mann"" kelimesini öğreniyorum.","universal, batch-001, needs-review"
"universal","u_0324","A1","Universal Paket 001","Mannschaft","","","takım","Ich lerne das Wort ""Mannschaft"".","""Mannschaft"" kelimesini öğreniyorum.","universal, batch-001, needs-review"
"universal","u_0325","A1","Universal Paket 001","Markt","","","piyasanın, pazara, piyasasını","Ich lerne das Wort ""Markt"".","""Markt"" kelimesini öğreniyorum.","universal, batch-001, needs-review"
"universal","u_0326","A1","Universal Paket 001","Mathe","","","matematik","Ich lerne das Wort ""Mathe"".","""Mathe"" kelimesini öğreniyorum.","universal, batch-001, needs-review"
"universal","u_0327","A1","Universal Paket 001","Max","","","max'ı, Max","Ich lerne das Wort ""Max"".","""Max"" kelimesini öğreniyorum.","universal, batch-001, needs-review"
"universal","u_0328","A1","Universal Paket 001","Meeting","","","toplantı","Ich lerne das Wort ""Meeting"".","""Meeting"" kelimesini öğreniyorum.","universal, batch-001, needs-review"
"universal","u_0329","A1","Universal Paket 001","mehr","","","daha","Ich lerne das Wort ""mehr"".","""mehr"" kelimesini öğreniyorum.","universal, batch-001, needs-review"
"universal","u_0330","A1","Universal Paket 001","mein","","","işim, yılım, benim","Ich lerne das Wort ""mein"".","""mein"" kelimesini öğreniyorum.","universal, batch-001, needs-review"
"universal","u_0331","A1","Universal Paket 001","meistens","","","çoğunlukla","Ich lerne das Wort ""meistens"".","""meistens"" kelimesini öğreniyorum.","universal, batch-001, needs-review"
"universal","u_0332","A1","Universal Paket 001","Mensa","","","yemekhane","Ich lerne das Wort ""Mensa"".","""Mensa"" kelimesini öğreniyorum.","universal, batch-001, needs-review"
"universal","u_0333","A1","Universal Paket 001","Mia","","","mia'yı, mia'yım, Mia","Ich lerne das Wort ""Mia"".","""Mia"" kelimesini öğreniyorum.","universal, batch-001, needs-review"
"universal","u_0334","A1","Universal Paket 001","Mitbewohner","","","arkadaşı, arkadaşım, arkadaşın","Ich lerne das Wort ""Mitbewohner"".","""Mitbewohner"" kelimesini öğreniyorum.","universal, batch-001, needs-review"
"universal","u_0335","A1","Universal Paket 001","mitkommen","","","gelmek, yetişmeye, gelebilir","Ich lerne das Wort ""mitkommen"".","""mitkommen"" kelimesini öğreniyorum.","universal, batch-001, needs-review"
"universal","u_0336","A1","Universal Paket 001","mitnehmen","","","alabilir, almada, götürmeliyiz","Ich lerne das Wort ""mitnehmen"".","""mitnehmen"" kelimesini öğreniyorum.","universal, batch-001, needs-review"
"universal","u_0337","A1","Universal Paket 001","Mittagspause","","","aramız, arası, aram","Ich lerne das Wort ""Mittagspause"".","""Mittagspause"" kelimesini öğreniyorum.","universal, batch-001, needs-review"
"universal","u_0338","A1","Universal Paket 001","möchte","","","istiyor, istemediğim, istediği","Ich lerne das Wort ""möchte"".","""möchte"" kelimesini öğreniyorum.","universal, batch-001, needs-review"
"universal","u_0339","A1","Universal Paket 001","möchtest","","","istersin, istemen, istediğini","Ich lerne das Wort ""möchtest"".","""möchtest"" kelimesini öğreniyorum.","universal, batch-001, needs-review"
"universal","u_0340","A1","Universal Paket 001","modern","","","moderndir, günceldir, modern","Ich lerne das Wort ""modern"".","""modern"" kelimesini öğreniyorum.","universal, batch-001, needs-review"
"universal","u_0341","A1","Universal Paket 001","mögen","","","beğenirsiniz, beğendiğini, hoşlanırdı","Ich lerne das Wort ""mögen"".","""mögen"" kelimesini öğreniyorum.","universal, batch-001, needs-review"
"universal","u_0342","A1","Universal Paket 001","morgen Abend","","","yarın akşam","Ich lerne das Wort ""morgen Abend"".","""morgen Abend"" kelimesini öğreniyorum.","universal, batch-001, needs-review"
"universal","u_0343","A1","Universal Paket 001","morgen früh","","","yarın sabah","Ich lerne das Wort ""morgen früh"".","""morgen früh"" kelimesini öğreniyorum.","universal, batch-001, needs-review"
"universal","u_0344","A1","Universal Paket 001","morgens","","","sabah","Ich lerne das Wort ""morgens"".","""morgens"" kelimesini öğreniyorum.","universal, batch-001, needs-review"
"universal","u_0345","A1","Universal Paket 001","Moschee","","","Camiye, Cami","Ich lerne das Wort ""Moschee"".","""Moschee"" kelimesini öğreniyorum.","universal, batch-001, needs-review"
"universal","u_0346","A1","Universal Paket 001","Müller","","","Değirmenci","Ich lerne das Wort ""Müller"".","""Müller"" kelimesini öğreniyorum.","universal, batch-001, needs-review"
"universal","u_0347","A1","Universal Paket 001","München","","","Münih, münih'i","Ich lerne das Wort ""München"".","""München"" kelimesini öğreniyorum.","universal, batch-001, needs-review"
"universal","u_0348","A1","Universal Paket 001","Museen","","","müze","Ich lerne das Wort ""Museen"".","""Museen"" kelimesini öğreniyorum.","universal, batch-001, needs-review"
"universal","u_0349","A1","Universal Paket 001","Museum","","","müze, müzeyi, müzelerini","Ich lerne das Wort ""Museum"".","""Museum"" kelimesini öğreniyorum.","universal, batch-001, needs-review"
"universal","u_0350","A1","Universal Paket 001","Musik","","","müzik","Ich lerne das Wort ""Musik"".","""Musik"" kelimesini öğreniyorum.","universal, batch-001, needs-review"
"universal","u_0351","A1","Universal Paket 001","Musiker","","","müzisyenlerinin, müzisyenler, müzisyenin","Ich lerne das Wort ""Musiker"".","""Musiker"" kelimesini öğreniyorum.","universal, batch-001, needs-review"
"universal","u_0352","A1","Universal Paket 001","Müsli","","","müsliyim, Müsli, müsliyimi","Ich lerne das Wort ""Müsli"".","""Müsli"" kelimesini öğreniyorum.","universal, batch-001, needs-review"
"universal","u_0353","A1","Universal Paket 001","müssen","","","gerekti, almalısınız, kalmayacağımız","Ich lerne das Wort ""müssen"".","""müssen"" kelimesini öğreniyorum.","universal, batch-001, needs-review"
"universal","u_0354","A1","Universal Paket 001","Mütze","","","beremi, şapkama, kep","Ich lerne das Wort ""Mütze"".","""Mütze"" kelimesini öğreniyorum.","universal, batch-001, needs-review"
"universal","u_0355","A1","Universal Paket 001","nach","","","-(y)a, geçene, sonrası","Ich lerne das Wort ""nach"".","""nach"" kelimesini öğreniyorum.","universal, batch-001, needs-review"
"universal","u_0356","A1","Universal Paket 001","nach Hause","","","eve","Ich lerne das Wort ""nach Hause"".","""nach Hause"" kelimesini öğreniyorum.","universal, batch-001, needs-review"
"universal","u_0357","A1","Universal Paket 001","Nachbar","","","Komşum, komşu, komşuyu","Ich lerne das Wort ""Nachbar"".","""Nachbar"" kelimesini öğreniyorum.","universal, batch-001, needs-review"
"universal","u_0358","A1","Universal Paket 001","Nachbarn","","","komşular","Ich lerne das Wort ""Nachbarn"".","""Nachbarn"" kelimesini öğreniyorum.","universal, batch-001, needs-review"
"universal","u_0359","A1","Universal Paket 001","nächste Woche","","","gelecek hafta","Ich lerne das Wort ""nächste Woche"".","""nächste Woche"" kelimesini öğreniyorum.","universal, batch-001, needs-review"
"universal","u_0360","A1","Universal Paket 001","Nachtisch","","","tatlı, Tatlıyı","Ich lerne das Wort ""Nachtisch"".","""Nachtisch"" kelimesini öğreniyorum.","universal, batch-001, needs-review"
"universal","u_0361","A1","Universal Paket 001","neblig","","","sisli","Ich lerne das Wort ""neblig"".","""neblig"" kelimesini öğreniyorum.","universal, batch-001, needs-review"
"universal","u_0362","A1","Universal Paket 001","nerven","","","sinirlendiriyor, sıkıyorum","Ich lerne das Wort ""nerven"".","""nerven"" kelimesini öğreniyorum.","universal, batch-001, needs-review"
"universal","u_0363","A1","Universal Paket 001","nervig","","","sinir bozucusun, sinir bozucu, bozucuydu","Ich lerne das Wort ""nervig"".","""nervig"" kelimesini öğreniyorum.","universal, batch-001, needs-review"
"universal","u_0364","A1","Universal Paket 001","nett","","","naziksin, nazik, naziktiler","Ich lerne das Wort ""nett"".","""nett"" kelimesini öğreniyorum.","universal, batch-001, needs-review"
"universal","u_0365","A1","Universal Paket 001","neu","","","yenisidir, yenidir, yeni","Ich lerne das Wort ""neu"".","""neu"" kelimesini öğreniyorum.","universal, batch-001, needs-review"
"universal","u_0366","A1","Universal Paket 001","neun","","","dokuz","Ich lerne das Wort ""neun"".","""neun"" kelimesini öğreniyorum.","universal, batch-001, needs-review"
"universal","u_0367","A1","Universal Paket 001","nicht","","","veya","Ich lerne das Wort ""nicht"".","""nicht"" kelimesini öğreniyorum.","universal, batch-001, needs-review"
"universal","u_0368","A1","Universal Paket 001","nichts","","","hiçbir şey","Ich lerne das Wort ""nichts"".","""nichts"" kelimesini öğreniyorum.","universal, batch-001, needs-review"
"universal","u_0369","A1","Universal Paket 001","Nickerchen","","","şekerlemeye, şekerleme","Ich lerne das Wort ""Nickerchen"".","""Nickerchen"" kelimesini öğreniyorum.","universal, batch-001, needs-review"
"universal","u_0370","A1","Universal Paket 001","nimmt","","","alırsa, alır, almamasından","Ich lerne das Wort ""nimmt"".","""nimmt"" kelimesini öğreniyorum.","universal, batch-001, needs-review"
"universal","u_0371","A1","Universal Paket 001","noch etwas","","","başka bir şey","Ich lerne das Wort ""noch etwas"".","""noch etwas"" kelimesini öğreniyorum.","universal, batch-001, needs-review"
"universal","u_0372","A1","Universal Paket 001","Notizen","","","not","Ich lerne das Wort ""Notizen"".","""Notizen"" kelimesini öğreniyorum.","universal, batch-001, needs-review"
"universal","u_0373","A1","Universal Paket 001","null","","","sıfır","Ich lerne das Wort ""null"".","""null"" kelimesini öğreniyorum.","universal, batch-001, needs-review"
"universal","u_0374","A1","Universal Paket 001","nur","","","sadece","Ich lerne das Wort ""nur"".","""nur"" kelimesini öğreniyorum.","universal, batch-001, needs-review"
"universal","u_0375","A1","Universal Paket 001","oder","","","ya da, değil mi?, veya","Ich lerne das Wort ""oder"".","""oder"" kelimesini öğreniyorum.","universal, batch-001, needs-review"
"universal","u_0376","A1","Universal Paket 001","oh","","","Oh, oha","Ich lerne das Wort ""oh"".","""oh"" kelimesini öğreniyorum.","universal, batch-001, needs-review"
"universal","u_0377","A1","Universal Paket 001","oh nein","","","Ah hayır","Ich lerne das Wort ""oh nein"".","""oh nein"" kelimesini öğreniyorum.","universal, batch-001, needs-review"
"universal","u_0378","A1","Universal Paket 001","okay","","","tamam","Ich lerne das Wort ""okay"".","""okay"" kelimesini öğreniyorum.","universal, batch-001, needs-review"
"universal","u_0379","A1","Universal Paket 001","Olivenöl","","","Zeytinyağını, zeytinyağına, Zeytinyağı","Ich lerne das Wort ""Olivenöl"".","""Olivenöl"" kelimesini öğreniyorum.","universal, batch-001, needs-review"
"universal","u_0380","A1","Universal Paket 001","online","","","çevrimiçi","Ich lerne das Wort ""online"".","""online"" kelimesini öğreniyorum.","universal, batch-001, needs-review"
"universal","u_0381","A1","Universal Paket 001","Opa","","","Büyükbabamı, Büyükbabam, Büyükbaban","Ich lerne das Wort ""Opa"".","""Opa"" kelimesini öğreniyorum.","universal, batch-001, needs-review"
"universal","u_0382","A1","Universal Paket 001","Oper","","","opera","Ich lerne das Wort ""Oper"".","""Oper"" kelimesini öğreniyorum.","universal, batch-001, needs-review"
"universal","u_0383","A1","Universal Paket 001","ordentlich","","","tertipli, düzenli, serili","Ich lerne das Wort ""ordentlich"".","""ordentlich"" kelimesini öğreniyorum.","universal, batch-001, needs-review"
"universal","u_0384","A1","Universal Paket 001","Paris","","","Paris, paris'i","Ich lerne das Wort ""Paris"".","""Paris"" kelimesini öğreniyorum.","universal, batch-001, needs-review"
"universal","u_0385","A1","Universal Paket 001","Party","","","parti","Ich lerne das Wort ""Party"".","""Party"" kelimesini öğreniyorum.","universal, batch-001, needs-review"
"universal","u_0386","A1","Universal Paket 001","perfekt","","","mükemmelce, kusursuz, mükemmel","Ich lerne das Wort ""perfekt"".","""perfekt"" kelimesini öğreniyorum.","universal, batch-001, needs-review"
"universal","u_0387","A1","Universal Paket 001","Personen","","","kişiler","Ich lerne das Wort ""Personen"".","""Personen"" kelimesini öğreniyorum.","universal, batch-001, needs-review"
"universal","u_0388","A1","Universal Paket 001","Pferd","","","At, atımın, ata","Ich lerne das Wort ""Pferd"".","""Pferd"" kelimesini öğreniyorum.","universal, batch-001, needs-review"
"universal","u_0389","A1","Universal Paket 001","Pflanzen","","","bitkiler","Ich lerne das Wort ""Pflanzen"".","""Pflanzen"" kelimesini öğreniyorum.","universal, batch-001, needs-review"
"universal","u_0390","A1","Universal Paket 001","Picknick","","","piknik, pikniğe, pikniği","Ich lerne das Wort ""Picknick"".","""Picknick"" kelimesini öğreniyorum.","universal, batch-001, needs-review"
"universal","u_0391","A1","Universal Paket 001","Pilot","","","pilot, pilota, pilotun","Ich lerne das Wort ""Pilot"".","""Pilot"" kelimesini öğreniyorum.","universal, batch-001, needs-review"
"universal","u_0392","A1","Universal Paket 001","pink","","","pembe","Ich lerne das Wort ""pink"".","""pink"" kelimesini öğreniyorum.","universal, batch-001, needs-review"
"universal","u_0393","A1","Universal Paket 001","Pläne","","","planların, hedefleriniz, planlarını","Ich lerne das Wort ""Pläne"".","""Pläne"" kelimesini öğreniyorum.","universal, batch-001, needs-review"
"universal","u_0394","A1","Universal Paket 001","planen","","","planlarız, planlamama, planlayabilirdik","Ich lerne das Wort ""planen"".","""planen"" kelimesini öğreniyorum.","universal, batch-001, needs-review"
"universal","u_0395","A1","Universal Paket 001","Plätze","","","yeri, yerler, konumlar","Ich lerne das Wort ""Plätze"".","""Plätze"" kelimesini öğreniyorum.","universal, batch-001, needs-review"
"universal","u_0396","A1","Universal Paket 001","Podcast","","","Podcast, podcastı","Ich lerne das Wort ""Podcast"".","""Podcast"" kelimesini öğreniyorum.","universal, batch-001, needs-review"
"universal","u_0397","A1","Universal Paket 001","Pommes","","","patates kızartması","Ich lerne das Wort ""Pommes"".","""Pommes"" kelimesini öğreniyorum.","universal, batch-001, needs-review"
"universal","u_0398","A1","Universal Paket 001","Popmusik","","","pop müzik","Ich lerne das Wort ""Popmusik"".","""Popmusik"" kelimesini öğreniyorum.","universal, batch-001, needs-review"
"universal","u_0399","A1","Universal Paket 001","Poster","","","postere, posterlerim, posterin","Ich lerne das Wort ""Poster"".","""Poster"" kelimesini öğreniyorum.","universal, batch-001, needs-review"
"universal","u_0400","A1","Universal Paket 001","Postkarte","","","kartpostal, kartpostalın, kartpostallarım","Ich lerne das Wort ""Postkarte"".","""Postkarte"" kelimesini öğreniyorum.","universal, batch-001, needs-review"
"universal","u_0401","A1","Universal Paket 001","Praktikant","","","stajyer, stajyerdim","Ich lerne das Wort ""Praktikant"".","""Praktikant"" kelimesini öğreniyorum.","universal, batch-001, needs-review"
"universal","u_0402","A1","Universal Paket 001","Praktikanten","","","stajyer","Ich lerne das Wort ""Praktikanten"".","""Praktikanten"" kelimesini öğreniyorum.","universal, batch-001, needs-review"
"universal","u_0403","A1","Universal Paket 001","Praktikum","","","çıraklık, stajım, staj","Ich lerne das Wort ""Praktikum"".","""Praktikum"" kelimesini öğreniyorum.","universal, batch-001, needs-review"
"universal","u_0404","A1","Universal Paket 001","praktisch","","","yararlı, pratiktir, pratik","Ich lerne das Wort ""praktisch"".","""praktisch"" kelimesini öğreniyorum.","universal, batch-001, needs-review"
"universal","u_0405","A1","Universal Paket 001","Präsentation","","","sunum","Ich lerne das Wort ""Präsentation"".","""Präsentation"" kelimesini öğreniyorum.","universal, batch-001, needs-review"
"universal","u_0406","A1","Universal Paket 001","probieren","","","denersin, tadabilirim, deneyebilirsin","Ich lerne das Wort ""probieren"".","""probieren"" kelimesini öğreniyorum.","universal, batch-001, needs-review"
"universal","u_0407","A1","Universal Paket 001","Professor","","","profesörden, profesör, profesörün","Ich lerne das Wort ""Professor"".","""Professor"" kelimesini öğreniyorum.","universal, batch-001, needs-review"
"universal","u_0408","A1","Universal Paket 001","puh","","","Off","Ich lerne das Wort ""puh"".","""puh"" kelimesini öğreniyorum.","universal, batch-001, needs-review"
"universal","u_0409","A1","Universal Paket 001","putzt","","","temizliyor, fırçalıyorsun, temizliyorsun","Ich lerne das Wort ""putzt"".","""putzt"" kelimesini öğreniyorum.","universal, batch-001, needs-review"
"universal","u_0410","A1","Universal Paket 001","Puzzle","","","Puzzle, yapboz","Ich lerne das Wort ""Puzzle"".","""Puzzle"" kelimesini öğreniyorum.","universal, batch-001, needs-review"
"universal","u_0411","A1","Universal Paket 001","Rathaus","","","belediye dairesi, belediye binası, belediyede","Ich lerne das Wort ""Rathaus"".","""Rathaus"" kelimesini öğreniyorum.","universal, batch-001, needs-review"
"universal","u_0412","A1","Universal Paket 001","Reiseführer","","","rehberleri, gezi rehberi, rehber","Ich lerne das Wort ""Reiseführer"".","""Reiseführer"" kelimesini öğreniyorum.","universal, batch-001, needs-review"
"universal","u_0413","A1","Universal Paket 001","reisen","","","ederler, dolaşır, seyahate gitmek","Ich lerne das Wort ""reisen"".","""reisen"" kelimesini öğreniyorum.","universal, batch-001, needs-review"
"universal","u_0414","A1","Universal Paket 001","reiten","","","binmeye, biniyoruz, binmene","Ich lerne das Wort ""reiten"".","""reiten"" kelimesini öğreniyorum.","universal, batch-001, needs-review"
"universal","u_0415","A1","Universal Paket 001","Rentner","","","emekli, emekliyim","Ich lerne das Wort ""Rentner"".","""Rentner"" kelimesini öğreniyorum.","universal, batch-001, needs-review"
"universal","u_0416","A1","Universal Paket 001","richtig","","","doğru","Ich lerne das Wort ""richtig"".","""richtig"" kelimesini öğreniyorum.","universal, batch-001, needs-review"
"universal","u_0417","A1","Universal Paket 001","riechen","","","kokmaya, kokan, kokmuyor","Ich lerne das Wort ""riechen"".","""riechen"" kelimesini öğreniyorum.","universal, batch-001, needs-review"
"universal","u_0418","A1","Universal Paket 001","riesig","","","kocaman, mega","Ich lerne das Wort ""riesig"".","""riesig"" kelimesini öğreniyorum.","universal, batch-001, needs-review"
"universal","u_0419","A1","Universal Paket 001","Ring","","","yüzük, alyansın","Ich lerne das Wort ""Ring"".","""Ring"" kelimesini öğreniyorum.","universal, batch-001, needs-review"
"universal","u_0420","A1","Universal Paket 001","Roadtrip","","","Yolculuğumuz, yolculuk","Ich lerne das Wort ""Roadtrip"".","""Roadtrip"" kelimesini öğreniyorum.","universal, batch-001, needs-review"
"universal","u_0421","A1","Universal Paket 001","Rollstuhl","","","tekerlekli sandalye, tekerlekli sandalyeyi, tekerlekli sandalyesine","Ich lerne das Wort ""Rollstuhl"".","""Rollstuhl"" kelimesini öğreniyorum.","universal, batch-001, needs-review"
"universal","u_0422","A1","Universal Paket 001","romantisch","","","romantik, romantikti","Ich lerne das Wort ""romantisch"".","""romantisch"" kelimesini öğreniyorum.","universal, batch-001, needs-review"
"universal","u_0423","A1","Universal Paket 001","rot","","","al, kırmızı, kızıl","Ich lerne das Wort ""rot"".","""rot"" kelimesini öğreniyorum.","universal, batch-001, needs-review"
"universal","u_0424","A1","Universal Paket 001","Rotwein","","","kırmızı şarap, kırmızı şarabınız, kırmızı şarabımız","Ich lerne das Wort ""Rotwein"".","""Rotwein"" kelimesini öğreniyorum.","universal, batch-001, needs-review"
"universal","u_0425","A1","Universal Paket 001","Rucksack","","","çantadan, Sırt çantasını, Sırt çantası","Ich lerne das Wort ""Rucksack"".","""Rucksack"" kelimesini öğreniyorum.","universal, batch-001, needs-review"
"universal","u_0426","A1","Universal Paket 001","Ruhe","","","sakinlik","Ich lerne das Wort ""Ruhe"".","""Ruhe"" kelimesini öğreniyorum.","universal, batch-001, needs-review"
"universal","u_0427","A1","Universal Paket 001","Sache","","","olayla, eşyayı, konudan","Ich lerne das Wort ""Sache"".","""Sache"" kelimesini öğreniyorum.","universal, batch-001, needs-review"
"universal","u_0428","A1","Universal Paket 001","salzig","","","tuzlu, tuzluydu","Ich lerne das Wort ""salzig"".","""salzig"" kelimesini öğreniyorum.","universal, batch-001, needs-review"
"universal","u_0429","A1","Universal Paket 001","sammeln","","","toplamam, topluyor., toparlayalım","Ich lerne das Wort ""sammeln"".","""sammeln"" kelimesini öğreniyorum.","universal, batch-001, needs-review"
"universal","u_0430","A1","Universal Paket 001","Sandwich","","","sandviç","Ich lerne das Wort ""Sandwich"".","""Sandwich"" kelimesini öğreniyorum.","universal, batch-001, needs-review"
"universal","u_0431","A1","Universal Paket 001","Sandwiches","","","sandviç","Ich lerne das Wort ""Sandwiches"".","""Sandwiches"" kelimesini öğreniyorum.","universal, batch-001, needs-review"
"universal","u_0432","A1","Universal Paket 001","Schach","","","Satranç, satrancı","Ich lerne das Wort ""Schach"".","""Schach"" kelimesini öğreniyorum.","universal, batch-001, needs-review"
"universal","u_0433","A1","Universal Paket 001","schade","","","yazık","Ich lerne das Wort ""schade"".","""schade"" kelimesini öğreniyorum.","universal, batch-001, needs-review"
"universal","u_0434","A1","Universal Paket 001","Schal","","","eşarp, atkı, fular","Ich lerne das Wort ""Schal"".","""Schal"" kelimesini öğreniyorum.","universal, batch-001, needs-review"
"universal","u_0435","A1","Universal Paket 001","scharf","","","kesici, acıdır, acı","Ich lerne das Wort ""scharf"".","""scharf"" kelimesini öğreniyorum.","universal, batch-001, needs-review"
"universal","u_0436","A1","Universal Paket 001","Schatz","","","canım","Ich lerne das Wort ""Schatz"".","""Schatz"" kelimesini öğreniyorum.","universal, batch-001, needs-review"
"universal","u_0437","A1","Universal Paket 001","scheinen","","","vuruyor, tünüyor, görünmeye","Ich lerne das Wort ""scheinen"".","""scheinen"" kelimesini öğreniyorum.","universal, batch-001, needs-review"
"universal","u_0438","A1","Universal Paket 001","schenken","","","verene, döktü, verseydim","Ich lerne das Wort ""schenken"".","""schenken"" kelimesini öğreniyorum.","universal, batch-001, needs-review"
"universal","u_0439","A1","Universal Paket 001","Schere","","","makasları, makasa, makası","Ich lerne das Wort ""Schere"".","""Schere"" kelimesini öğreniyorum.","universal, batch-001, needs-review"
"universal","u_0440","A1","Universal Paket 001","schick","","","şıksın, şıktır, şık","Ich lerne das Wort ""schick"".","""schick"" kelimesini öğreniyorum.","universal, batch-001, needs-review"
"universal","u_0441","A1","Universal Paket 001","schläft","","","uyuyor, uyur","Ich lerne das Wort ""schläft"".","""schläft"" kelimesini öğreniyorum.","universal, batch-001, needs-review"
"universal","u_0442","A1","Universal Paket 001","schlimm","","","kötüsün, kötüdür, kötüsünüz","Ich lerne das Wort ""schlimm"".","""schlimm"" kelimesini öğreniyorum.","universal, batch-001, needs-review"
"universal","u_0443","A1","Universal Paket 001","Schloss","","","şato, sarayı, şatoya","Ich lerne das Wort ""Schloss"".","""Schloss"" kelimesini öğreniyorum.","universal, batch-001, needs-review"
"universal","u_0444","A1","Universal Paket 001","schmecken","","","tadabilirim, tatıyor, tadacağım","Ich lerne das Wort ""schmecken"".","""schmecken"" kelimesini öğreniyorum.","universal, batch-001, needs-review"
"universal","u_0445","A1","Universal Paket 001","Schokolade","","","çikolata","Ich lerne das Wort ""Schokolade"".","""Schokolade"" kelimesini öğreniyorum.","universal, batch-001, needs-review"
"universal","u_0446","A1","Universal Paket 001","schönen Abend noch","","","iyi akşamlar","Ich lerne das Wort ""schönen Abend noch"".","""schönen Abend noch"" kelimesini öğreniyorum.","universal, batch-001, needs-review"
"universal","u_0447","A1","Universal Paket 001","schreien","","","bağırdığında, çağırırız, bağırıyor","Ich lerne das Wort ""schreien"".","""schreien"" kelimesini öğreniyorum.","universal, batch-001, needs-review"
"universal","u_0448","A1","Universal Paket 001","Schule","","","okul, okuldan, okulların","Ich lerne das Wort ""Schule"".","""Schule"" kelimesini öğreniyorum.","universal, batch-001, needs-review"
"universal","u_0449","A1","Universal Paket 001","schwarz","","","siyah, siyahtır","Ich lerne das Wort ""schwarz"".","""schwarz"" kelimesini öğreniyorum.","universal, batch-001, needs-review"
"universal","u_0450","A1","Universal Paket 001","Schwestern","","","kız kardeş","Ich lerne das Wort ""Schwestern"".","""Schwestern"" kelimesini öğreniyorum.","universal, batch-001, needs-review"
"universal","u_0451","A1","Universal Paket 001","schwimmen","","","yüzmedim, yüzen, yüzeriz","Ich lerne das Wort ""schwimmen"".","""schwimmen"" kelimesini öğreniyorum.","universal, batch-001, needs-review"
"universal","u_0452","A1","Universal Paket 001","sechs","","","altıda, altı, altıya","Ich lerne das Wort ""sechs"".","""sechs"" kelimesini öğreniyorum.","universal, batch-001, needs-review"
"universal","u_0453","A1","Universal Paket 001","sechzehn","","","on altı","Ich lerne das Wort ""sechzehn"".","""sechzehn"" kelimesini öğreniyorum.","universal, batch-001, needs-review"
"universal","u_0454","A1","Universal Paket 001","segeln","","","açıyoruz, açmaya, yatla","Ich lerne das Wort ""segeln"".","""segeln"" kelimesini öğreniyorum.","universal, batch-001, needs-review"
"universal","u_0455","A1","Universal Paket 001","sehr","","","çok","Ich lerne das Wort ""sehr"".","""sehr"" kelimesini öğreniyorum.","universal, batch-001, needs-review"
"universal","u_0456","A1","Universal Paket 001","seid","","","olmak ikinci şahıs çoğul, olun, olmuşsunuz","Ich lerne das Wort ""seid"".","""seid"" kelimesini öğreniyorum.","universal, batch-001, needs-review"
"universal","u_0457","A1","Universal Paket 001","Seife","","","sabuna, sabun, sabunu","Ich lerne das Wort ""Seife"".","""Seife"" kelimesini öğreniyorum.","universal, batch-001, needs-review"
"universal","u_0458","A1","Universal Paket 001","Shampoo","","","şampuan, şampuana","Ich lerne das Wort ""Shampoo"".","""Shampoo"" kelimesini öğreniyorum.","universal, batch-001, needs-review"
"universal","u_0459","A1","Universal Paket 001","shoppen","","","yapıyoruz","Ich lerne das Wort ""shoppen"".","""shoppen"" kelimesini öğreniyorum.","universal, batch-001, needs-review"
"universal","u_0460","A1","Universal Paket 001","sie","","","it, onlar","Ich lerne das Wort ""sie"".","""sie"" kelimesini öğreniyorum.","universal, batch-001, needs-review"
"universal","u_0461","A1","Universal Paket 001","sieben","","","seven, yediyi, yediden","Ich lerne das Wort ""sieben"".","""sieben"" kelimesini öğreniyorum.","universal, batch-001, needs-review"
"universal","u_0462","A1","Universal Paket 001","siebzehn","","","on yedi","Ich lerne das Wort ""siebzehn"".","""siebzehn"" kelimesini öğreniyorum.","universal, batch-001, needs-review"
"universal","u_0463","A1","Universal Paket 001","siehst","","","görünürsün, gördüğün, gördüğünü","Ich lerne das Wort ""siehst"".","""siehst"" kelimesini öğreniyorum.","universal, batch-001, needs-review"
"universal","u_0464","A1","Universal Paket 001","sind","","","oluyorsunuz, nelerdir, var","Ich lerne das Wort ""sind"".","""sind"" kelimesini öğreniyorum.","universal, batch-001, needs-review"
"universal","u_0465","A1","Universal Paket 001","singen","","","söyleriz, söyleyeceğim, şarkı söylemek","Ich lerne das Wort ""singen"".","""singen"" kelimesini öğreniyorum.","universal, batch-001, needs-review"
"universal","u_0466","A1","Universal Paket 001","Snacks","","","atıştırmalık","Ich lerne das Wort ""Snacks"".","""Snacks"" kelimesini öğreniyorum.","universal, batch-001, needs-review"
"universal","u_0467","A1","Universal Paket 001","so","","","çok","Ich lerne das Wort ""so"".","""so"" kelimesini öğreniyorum.","universal, batch-001, needs-review"
"universal","u_0468","A1","Universal Paket 001","Socke","","","çorabı, çorap","Ich lerne das Wort ""Socke"".","""Socke"" kelimesini öğreniyorum.","universal, batch-001, needs-review"
"universal","u_0469","A1","Universal Paket 001","sogar","","","hatta","Ich lerne das Wort ""sogar"".","""sogar"" kelimesini öğreniyorum.","universal, batch-001, needs-review"
"universal","u_0470","A1","Universal Paket 001","sondern","","","bilakis, aksine","Ich lerne das Wort ""sondern"".","""sondern"" kelimesini öğreniyorum.","universal, batch-001, needs-review"
"universal","u_0471","A1","Universal Paket 001","Sonnenbrille","","","güneş gözlüğü, gözlükleri, gözlüğüne","Ich lerne das Wort ""Sonnenbrille"".","""Sonnenbrille"" kelimesini öğreniyorum.","universal, batch-001, needs-review"
"universal","u_0472","A1","Universal Paket 001","Sonnencreme","","","güneş kremi","Ich lerne das Wort ""Sonnencreme"".","""Sonnencreme"" kelimesini öğreniyorum.","universal, batch-001, needs-review"
"universal","u_0473","A1","Universal Paket 001","sorry","","","üzgünüm","Ich lerne das Wort ""sorry"".","""sorry"" kelimesini öğreniyorum.","universal, batch-001, needs-review"
"universal","u_0474","A1","Universal Paket 001","Soße","","","sosu, sos","Ich lerne das Wort ""Soße"".","""Soße"" kelimesini öğreniyorum.","universal, batch-001, needs-review"
"universal","u_0475","A1","Universal Paket 001","Spanien","","","ispanya'yı, İspanya, i̇spanya'yı","Ich lerne das Wort ""Spanien"".","""Spanien"" kelimesini öğreniyorum.","universal, batch-001, needs-review"
"universal","u_0476","A1","Universal Paket 001","spannend","","","heyecan verici, sürükleyicidir, gerilimli","Ich lerne das Wort ""spannend"".","""spannend"" kelimesini öğreniyorum.","universal, batch-001, needs-review"
"universal","u_0477","A1","Universal Paket 001","Spaß","","","eğlence","Ich lerne das Wort ""Spaß"".","""Spaß"" kelimesini öğreniyorum.","universal, batch-001, needs-review"
"universal","u_0478","A1","Universal Paket 001","spät dran","","","geç kalmak","Ich lerne das Wort ""spät dran"".","""spät dran"" kelimesini öğreniyorum.","universal, batch-001, needs-review"
"universal","u_0479","A1","Universal Paket 001","spazieren","","","gezdi, gezinmeye, dolaşmaya","Ich lerne das Wort ""spazieren"".","""spazieren"" kelimesini öğreniyorum.","universal, batch-001, needs-review"
"universal","u_0480","A1","Universal Paket 001","Spiel","","","maça, oyununda, müsabaka","Ich lerne das Wort ""Spiel"".","""Spiel"" kelimesini öğreniyorum.","universal, batch-001, needs-review"
"universal","u_0481","A1","Universal Paket 001","spielen","","","oynamasını, çalmak, oynayalım","Ich lerne das Wort ""spielen"".","""spielen"" kelimesini öğreniyorum.","universal, batch-001, needs-review"
"universal","u_0482","A1","Universal Paket 001","Spielzeug","","","oyuncak, oyuncağını, oyuncağın","Ich lerne das Wort ""Spielzeug"".","""Spielzeug"" kelimesini öğreniyorum.","universal, batch-001, needs-review"
"universal","u_0483","A1","Universal Paket 001","Spinat","","","ıspanak, ıspanağa","Ich lerne das Wort ""Spinat"".","""Spinat"" kelimesini öğreniyorum.","universal, batch-001, needs-review"
"universal","u_0484","A1","Universal Paket 001","Sport","","","spor, spora, sporla","Ich lerne das Wort ""Sport"".","""Sport"" kelimesini öğreniyorum.","universal, batch-001, needs-review"
"universal","u_0485","A1","Universal Paket 001","spricht","","","konuşur, konuşan, bahsediyor","Ich lerne das Wort ""spricht"".","""spricht"" kelimesini öğreniyorum.","universal, batch-001, needs-review"
"universal","u_0486","A1","Universal Paket 001","Stadion","","","Stadyumu, Stadyuma, Stadyum","Ich lerne das Wort ""Stadion"".","""Stadion"" kelimesini öğreniyorum.","universal, batch-001, needs-review"
"universal","u_0487","A1","Universal Paket 001","Stadtzentrum","","","merkezine","Ich lerne das Wort ""Stadtzentrum"".","""Stadtzentrum"" kelimesini öğreniyorum.","universal, batch-001, needs-review"
"universal","u_0488","A1","Universal Paket 001","Stifte","","","kalemlere, kalemler, kalemlerim","Ich lerne das Wort ""Stifte"".","""Stifte"" kelimesini öğreniyorum.","universal, batch-001, needs-review"
"universal","u_0489","A1","Universal Paket 001","stimmt","","","doğru","Ich lerne das Wort ""stimmt"".","""stimmt"" kelimesini öğreniyorum.","universal, batch-001, needs-review"
"universal","u_0490","A1","Universal Paket 001","stören","","","rahatsız ediyor, etmeyelim, rahatsız etmek","Ich lerne das Wort ""stören"".","""stören"" kelimesini öğreniyorum.","universal, batch-001, needs-review"
"universal","u_0491","A1","Universal Paket 001","streng","","","katı, katıdır, katıydı","Ich lerne das Wort ""streng"".","""streng"" kelimesini öğreniyorum.","universal, batch-001, needs-review"
"universal","u_0492","A1","Universal Paket 001","stressig","","","stresli, stresliydi","Ich lerne das Wort ""stressig"".","""stressig"" kelimesini öğreniyorum.","universal, batch-001, needs-review"
"universal","u_0493","A1","Universal Paket 001","stricken","","","örgü, örmeyi, örmek","Ich lerne das Wort ""stricken"".","""stricken"" kelimesini öğreniyorum.","universal, batch-001, needs-review"
"universal","u_0494","A1","Universal Paket 001","Student","","","öğrenci, öğrenci (üniversite), talebe","Ich lerne das Wort ""Student"".","""Student"" kelimesini öğreniyorum.","universal, batch-001, needs-review"
"universal","u_0495","A1","Universal Paket 001","studieren","","","okuyorsunuz, okuyorlar, okuyorum","Ich lerne das Wort ""studieren"".","""studieren"" kelimesini öğreniyorum.","universal, batch-001, needs-review"
"universal","u_0496","A1","Universal Paket 001","Stühle","","","sandalyeleri, sandalyen, koltuklarımız","Ich lerne das Wort ""Stühle"".","""Stühle"" kelimesini öğreniyorum.","universal, batch-001, needs-review"
"universal","u_0497","A1","Universal Paket 001","super","","","süper","Ich lerne das Wort ""super"".","""super"" kelimesini öğreniyorum.","universal, batch-001, needs-review"
"universal","u_0498","A1","Universal Paket 001","surfen","","","sörf yaparız, sörfe","Ich lerne das Wort ""surfen"".","""surfen"" kelimesini öğreniyorum.","universal, batch-001, needs-review"
"universal","u_0499","A1","Universal Paket 001","Tage","","","günler, gün","Ich lerne das Wort ""Tage"".","""Tage"" kelimesini öğreniyorum.","universal, batch-001, needs-review"
"universal","u_0500","A1","Universal Paket 001","Tagebuch","","","Günlüğüm, Günlüğümü, Günlüğün","Ich lerne das Wort ""Tagebuch"".","""Tagebuch"" kelimesini öğreniyorum.","universal, batch-001, needs-review"
"universal","u_0501","A1","Universal Paket 001","tanzen","","","dans ederler/dans ediyorlar, dans ederiz/dans ediyoruz, dans etmek","Ich lerne das Wort ""tanzen"".","""tanzen"" kelimesini öğreniyorum.","universal, batch-001, needs-review"
"universal","u_0502","A1","Universal Paket 001","Tasche","","","cebe, çanta, cep","Ich lerne das Wort ""Tasche"".","""Tasche"" kelimesini öğreniyorum.","universal, batch-001, needs-review"
"universal","u_0503","A1","Universal Paket 001","Tasse","","","fincan, fincanı, kupalar","Ich lerne das Wort ""Tasse"".","""Tasse"" kelimesini öğreniyorum.","universal, batch-001, needs-review"
"universal","u_0504","A1","Universal Paket 001","Tennis","","","tenis","Ich lerne das Wort ""Tennis"".","""Tennis"" kelimesini öğreniyorum.","universal, batch-001, needs-review"
"universal","u_0505","A1","Universal Paket 001","Termine","","","randevular, randevu, tarihlere","Ich lerne das Wort ""Termine"".","""Termine"" kelimesini öğreniyorum.","universal, batch-001, needs-review"
"universal","u_0506","A1","Universal Paket 001","Thema","","","olayla, konudaki, konuyla","Ich lerne das Wort ""Thema"".","""Thema"" kelimesini öğreniyorum.","universal, batch-001, needs-review"
"universal","u_0507","A1","Universal Paket 001","Tiergarten","","","hayvanat bahçesi, hayvanat bahçesini","Ich lerne das Wort ""Tiergarten"".","""Tiergarten"" kelimesini öğreniyorum.","universal, batch-001, needs-review"
"universal","u_0508","A1","Universal Paket 001","tippen","","","tıklarım, yazabilir, yazabilirim","Ich lerne das Wort ""tippen"".","""tippen"" kelimesini öğreniyorum.","universal, batch-001, needs-review"
"universal","u_0509","A1","Universal Paket 001","Tischtennis","","","masa tenisi","Ich lerne das Wort ""Tischtennis"".","""Tischtennis"" kelimesini öğreniyorum.","universal, batch-001, needs-review"
"universal","u_0510","A1","Universal Paket 001","Toilettenpapier","","","kağıdını, kağıdına, kağıdı","Ich lerne das Wort ""Toilettenpapier"".","""Toilettenpapier"" kelimesini öğreniyorum.","universal, batch-001, needs-review"
"universal","u_0511","A1","Universal Paket 001","Tokio","","","Tokyo'dan, Tokyo'da, Tokyo","Ich lerne das Wort ""Tokio"".","""Tokio"" kelimesini öğreniyorum.","universal, batch-001, needs-review"
"universal","u_0512","A1","Universal Paket 001","Torte","","","Pastamız, pastandan, Pastan","Ich lerne das Wort ""Torte"".","""Torte"" kelimesini öğreniyorum.","universal, batch-001, needs-review"
"universal","u_0513","A1","Universal Paket 001","Touristen","","","turist","Ich lerne das Wort ""Touristen"".","""Touristen"" kelimesini öğreniyorum.","universal, batch-001, needs-review"
"universal","u_0514","A1","Universal Paket 001","trägt","","","takıyor, takar, giyer","Ich lerne das Wort ""trägt"".","""trägt"" kelimesini öğreniyorum.","universal, batch-001, needs-review"
"universal","u_0515","A1","Universal Paket 001","treffen","","","buluşur, vuruyor, rastladım","Ich lerne das Wort ""treffen"".","""treffen"" kelimesini öğreniyorum.","universal, batch-001, needs-review"
"universal","u_0516","A1","Universal Paket 001","trifft","","","buluşur, tanışır, buluşuyor","Ich lerne das Wort ""trifft"".","""trifft"" kelimesini öğreniyorum.","universal, batch-001, needs-review"
"universal","u_0517","A1","Universal Paket 001","über","","","tepesinde, üstündü, fazlasıdır","Ich lerne das Wort ""über"".","""über"" kelimesini öğreniyorum.","universal, batch-001, needs-review"
"universal","u_0518","A1","Universal Paket 001","um","","","yarısında, etrafından, amacıyla","Ich lerne das Wort ""um"".","""um"" kelimesini öğreniyorum.","universal, batch-001, needs-review"
"universal","u_0519","A1","Universal Paket 001","um die Ecke","","","köşeyi dönünce","Ich lerne das Wort ""um die Ecke"".","""um die Ecke"" kelimesini öğreniyorum.","universal, batch-001, needs-review"
"universal","u_0520","A1","Universal Paket 001","und","","","ve","Ich lerne das Wort ""und"".","""und"" kelimesini öğreniyorum.","universal, batch-001, needs-review"
"universal","u_0521","A1","Universal Paket 001","und du","","","ya sen","Ich lerne das Wort ""und du"".","""und du"" kelimesini öğreniyorum.","universal, batch-001, needs-review"
"universal","u_0522","A1","Universal Paket 001","unser","","","bölmemiz, bizim, servisimiz","Ich lerne das Wort ""unser"".","""unser"" kelimesini öğreniyorum.","universal, batch-001, needs-review"
"universal","u_0523","A1","Universal Paket 001","ups","","","Oops","Ich lerne das Wort ""ups"".","""ups"" kelimesini öğreniyorum.","universal, batch-001, needs-review"
"universal","u_0524","A1","Universal Paket 001","Vegetarier","","","etyemez, vejetaryen, vejetaryenler","Ich lerne das Wort ""Vegetarier"".","""Vegetarier"" kelimesini öğreniyorum.","universal, batch-001, needs-review"
"universal","u_0525","A1","Universal Paket 001","Verkäufer","","","görevlisi, satıcıdan, görevlileri","Ich lerne das Wort ""Verkäufer"".","""Verkäufer"" kelimesini öğreniyorum.","universal, batch-001, needs-review"
"universal","u_0526","A1","Universal Paket 001","Verkäuferin","","","satıcıdır, satıcı, seller","Ich lerne das Wort ""Verkäuferin"".","""Verkäuferin"" kelimesini öğreniyorum.","universal, batch-001, needs-review"
"universal","u_0527","A1","Universal Paket 001","verspätet","","","gecikti, gecikmeli, gecikmiş","Ich lerne das Wort ""verspätet"".","""verspätet"" kelimesini öğreniyorum.","universal, batch-001, needs-review"
"universal","u_0528","A1","Universal Paket 001","Verstecken","","","saklambaç","Ich lerne das Wort ""Verstecken"".","""Verstecken"" kelimesini öğreniyorum.","universal, batch-001, needs-review"
"universal","u_0529","A1","Universal Paket 001","Videospiele","","","video oyunu","Ich lerne das Wort ""Videospiele"".","""Videospiele"" kelimesini öğreniyorum.","universal, batch-001, needs-review"
"universal","u_0530","A1","Universal Paket 001","viel","","","çok","Ich lerne das Wort ""viel"".","""viel"" kelimesini öğreniyorum.","universal, batch-001, needs-review"
"universal","u_0531","A1","Universal Paket 001","viele","","","çok","Ich lerne das Wort ""viele"".","""viele"" kelimesini öğreniyorum.","universal, batch-001, needs-review"
"universal","u_0532","A1","Universal Paket 001","vier","","","dörtten, dörde, dört","Ich lerne das Wort ""vier"".","""vier"" kelimesini öğreniyorum.","universal, batch-001, needs-review"
"universal","u_0533","A1","Universal Paket 001","vierzehn","","","on dört","Ich lerne das Wort ""vierzehn"".","""vierzehn"" kelimesini öğreniyorum.","universal, batch-001, needs-review"
"universal","u_0534","A1","Universal Paket 001","vierzig","","","kırk","Ich lerne das Wort ""vierzig"".","""vierzig"" kelimesini öğreniyorum.","universal, batch-001, needs-review"
"universal","u_0535","A1","Universal Paket 001","Volleyball","","","voleybolu, voleybol, voleybolda","Ich lerne das Wort ""Volleyball"".","""Volleyball"" kelimesini öğreniyorum.","universal, batch-001, needs-review"
"universal","u_0536","A1","Universal Paket 001","von","","","-dan/-den, max'tan, amirden","Ich lerne das Wort ""von"".","""von"" kelimesini öğreniyorum.","universal, batch-001, needs-review"
"universal","u_0537","A1","Universal Paket 001","von hier","","","buralı","Ich lerne das Wort ""von hier"".","""von hier"" kelimesini öğreniyorum.","universal, batch-001, needs-review"
"universal","u_0538","A1","Universal Paket 001","vor","","","kala, karşımda, önündedir","Ich lerne das Wort ""vor"".","""vor"" kelimesini öğreniyorum.","universal, batch-001, needs-review"
"universal","u_0539","A1","Universal Paket 001","vorbei","","","bitti","Ich lerne das Wort ""vorbei"".","""vorbei"" kelimesini öğreniyorum.","universal, batch-001, needs-review"
"universal","u_0540","A1","Universal Paket 001","vorbereiten","","","hazırlarsak, hazırlanabilir, hazırlamanıza","Ich lerne das Wort ""vorbereiten"".","""vorbereiten"" kelimesini öğreniyorum.","universal, batch-001, needs-review"
"universal","u_0541","A1","Universal Paket 001","Vorlesung","","","ders, dersin, dersimiz","Ich lerne das Wort ""Vorlesung"".","""Vorlesung"" kelimesini öğreniyorum.","universal, batch-001, needs-review"
"universal","u_0542","A1","Universal Paket 001","wahrscheinlich","","","muhtemelen","Ich lerne das Wort ""wahrscheinlich"".","""wahrscheinlich"" kelimesini öğreniyorum.","universal, batch-001, needs-review"
"universal","u_0543","A1","Universal Paket 001","Wald","","","ormanına, ormandı, orman","Ich lerne das Wort ""Wald"".","""Wald"" kelimesini öğreniyorum.","universal, batch-001, needs-review"
"universal","u_0544","A1","Universal Paket 001","wandern","","","yürümek, gezecek, gezdi","Ich lerne das Wort ""wandern"".","""wandern"" kelimesini öğreniyorum.","universal, batch-001, needs-review"
"universal","u_0545","A1","Universal Paket 001","warte","","","bekliyorum, beklerim","Ich lerne das Wort ""warte"".","""warte"" kelimesini öğreniyorum.","universal, batch-001, needs-review"
"universal","u_0546","A1","Universal Paket 001","warum","","","neden","Ich lerne das Wort ""warum"".","""warum"" kelimesini öğreniyorum.","universal, batch-001, needs-review"
"universal","u_0547","A1","Universal Paket 001","was","","","ne","Ich lerne das Wort ""was"".","""was"" kelimesini öğreniyorum.","universal, batch-001, needs-review"
"universal","u_0548","A1","Universal Paket 001","was ist los","","","ne oluyor","Ich lerne das Wort ""was ist los"".","""was ist los"" kelimesini öğreniyorum.","universal, batch-001, needs-review"
"universal","u_0549","A1","Universal Paket 001","wegräumen","","","kaldırmak, kaldırabilirim, kaldırabilir","Ich lerne das Wort ""wegräumen"".","""wegräumen"" kelimesini öğreniyorum.","universal, batch-001, needs-review"
"universal","u_0550","A1","Universal Paket 001","weiß","","","öğrendi, biliyor, bilir","Ich lerne das Wort ""weiß"".","""weiß"" kelimesini öğreniyorum.","universal, batch-001, needs-review"
"universal","u_0551","A1","Universal Paket 001","weit weg","","","uzak","Ich lerne das Wort ""weit weg"".","""weit weg"" kelimesini öğreniyorum.","universal, batch-001, needs-review"
"universal","u_0552","A1","Universal Paket 001","welcher","","","hangi (Dativ), hangi","Ich lerne das Wort ""welcher"".","""welcher"" kelimesini öğreniyorum.","universal, batch-001, needs-review"
"universal","u_0553","A1","Universal Paket 001","weniger","","","daha az","Ich lerne das Wort ""weniger"".","""weniger"" kelimesini öğreniyorum.","universal, batch-001, needs-review"
"universal","u_0554","A1","Universal Paket 001","wer","","","kim, kimdir, kimin","Ich lerne das Wort ""wer"".","""wer"" kelimesini öğreniyorum.","universal, batch-001, needs-review"
"universal","u_0555","A1","Universal Paket 001","Wetter","","","hava, durumundan, havalarda","Ich lerne das Wort ""Wetter"".","""Wetter"" kelimesini öğreniyorum.","universal, batch-001, needs-review"
"universal","u_0556","A1","Universal Paket 001","wichtig","","","önemliydi, önemlidirler, önemi","Ich lerne das Wort ""wichtig"".","""wichtig"" kelimesini öğreniyorum.","universal, batch-001, needs-review"
"universal","u_0557","A1","Universal Paket 001","wie","","","nasıl","Ich lerne das Wort ""wie"".","""wie"" kelimesini öğreniyorum.","universal, batch-001, needs-review"
"universal","u_0558","A1","Universal Paket 001","wie geht's","","","nasılsın","Ich lerne das Wort ""wie geht's"".","""wie geht's"" kelimesini öğreniyorum.","universal, batch-001, needs-review"
"universal","u_0559","A1","Universal Paket 001","wie heißt du","","","adın ne, adınız ne","Ich lerne das Wort ""wie heißt du"".","""wie heißt du"" kelimesini öğreniyorum.","universal, batch-001, needs-review"
"universal","u_0560","A1","Universal Paket 001","wie oft","","","ne sıklıkla","Ich lerne das Wort ""wie oft"".","""wie oft"" kelimesini öğreniyorum.","universal, batch-001, needs-review"
"universal","u_0561","A1","Universal Paket 001","wie viel","","","ne kadar","Ich lerne das Wort ""wie viel"".","""wie viel"" kelimesini öğreniyorum.","universal, batch-001, needs-review"
"universal","u_0562","A1","Universal Paket 001","Wien","","","Viyana, Viyana'yı (akk.)","Ich lerne das Wort ""Wien"".","""Wien"" kelimesini öğreniyorum.","universal, batch-001, needs-review"
"universal","u_0563","A1","Universal Paket 001","will","","","istiyor, isteyen, gitmek istiyorum","Ich lerne das Wort ""will"".","""will"" kelimesini öğreniyorum.","universal, batch-001, needs-review"
"universal","u_0564","A1","Universal Paket 001","windig","","","rüzgarlı, rüzgarlıydı","Ich lerne das Wort ""windig"".","""windig"" kelimesini öğreniyorum.","universal, batch-001, needs-review"
"universal","u_0565","A1","Universal Paket 001","wir","","","muyuz, biz, bizler","Ich lerne das Wort ""wir"".","""wir"" kelimesini öğreniyorum.","universal, batch-001, needs-review"
"universal","u_0566","A1","Universal Paket 001","wirklich","","","gerçekten","Ich lerne das Wort ""wirklich"".","""wirklich"" kelimesini öğreniyorum.","universal, batch-001, needs-review"
"universal","u_0567","A1","Universal Paket 001","wo","","","nerede","Ich lerne das Wort ""wo"".","""wo"" kelimesini öğreniyorum.","universal, batch-001, needs-review"
"universal","u_0568","A1","Universal Paket 001","woher","","","nereden","Ich lerne das Wort ""woher"".","""woher"" kelimesini öğreniyorum.","universal, batch-001, needs-review"
"universal","u_0569","A1","Universal Paket 001","wohin","","","nereye","Ich lerne das Wort ""wohin"".","""wohin"" kelimesini öğreniyorum.","universal, batch-001, needs-review"
"universal","u_0570","A1","Universal Paket 001","Wolf","","","Kurt, wolf'a","Ich lerne das Wort ""Wolf"".","""Wolf"" kelimesini öğreniyorum.","universal, batch-001, needs-review"
"universal","u_0571","A1","Universal Paket 001","wollen","","","istiyor, istediğimiz, istememek","Ich lerne das Wort ""wollen"".","""wollen"" kelimesini öğreniyorum.","universal, batch-001, needs-review"
"universal","u_0572","A1","Universal Paket 001","Wort","","","sözünü, kelimenin, kelimelerde","Ich lerne das Wort ""Wort"".","""Wort"" kelimesini öğreniyorum.","universal, batch-001, needs-review"
"universal","u_0573","A1","Universal Paket 001","Wörter","","","kelimelerde, sözcüklerin, kelime","Ich lerne das Wort ""Wörter"".","""Wörter"" kelimesini öğreniyorum.","universal, batch-001, needs-review"
"universal","u_0574","A1","Universal Paket 001","wow","","","Vay","Ich lerne das Wort ""wow"".","""wow"" kelimesini öğreniyorum.","universal, batch-001, needs-review"
"universal","u_0575","A1","Universal Paket 001","wunderbar","","","harika","Ich lerne das Wort ""wunderbar"".","""wunderbar"" kelimesini öğreniyorum.","universal, batch-001, needs-review"
"universal","u_0576","A1","Universal Paket 001","wütend","","","kızgındım, sinirlisin, kızgınız","Ich lerne das Wort ""wütend"".","""wütend"" kelimesini öğreniyorum.","universal, batch-001, needs-review"
"universal","u_0577","A1","Universal Paket 001","Yoga","","","yogadan, yogada, yogaya","Ich lerne das Wort ""Yoga"".","""Yoga"" kelimesini öğreniyorum.","universal, batch-001, needs-review"
"universal","u_0578","A1","Universal Paket 001","Zahnbürste","","","fırçasına, fırçası, diş fırçası","Ich lerne das Wort ""Zahnbürste"".","""Zahnbürste"" kelimesini öğreniyorum.","universal, batch-001, needs-review"
"universal","u_0579","A1","Universal Paket 001","zehn","","","on, 10","Ich lerne das Wort ""zehn"".","""zehn"" kelimesini öğreniyorum.","universal, batch-001, needs-review"
"universal","u_0580","A1","Universal Paket 001","zeigen","","","gösterebilirim, gösterseydim, sergiledi","Ich lerne das Wort ""zeigen"".","""zeigen"" kelimesini öğreniyorum.","universal, batch-001, needs-review"
"universal","u_0581","A1","Universal Paket 001","Zeitschriften","","","dergi","Ich lerne das Wort ""Zeitschriften"".","""Zeitschriften"" kelimesini öğreniyorum.","universal, batch-001, needs-review"
"universal","u_0582","A1","Universal Paket 001","Zeugnis","","","Karnemde, Karnesini, belgemi","Ich lerne das Wort ""Zeugnis"".","""Zeugnis"" kelimesini öğreniyorum.","universal, batch-001, needs-review"
"universal","u_0583","A1","Universal Paket 001","ziemlich","","","oldukça","Ich lerne das Wort ""ziemlich"".","""ziemlich"" kelimesini öğreniyorum.","universal, batch-001, needs-review"
"universal","u_0584","A1","Universal Paket 001","zu","","","çok, fazla, etmeyi","Ich lerne das Wort ""zu"".","""zu"" kelimesini öğreniyorum.","universal, batch-001, needs-review"
"universal","u_0585","A1","Universal Paket 001","zu Fuß","","","yürüyerek","Ich lerne das Wort ""zu Fuß"".","""zu Fuß"" kelimesini öğreniyorum.","universal, batch-001, needs-review"
"universal","u_0586","A1","Universal Paket 001","zu Hause","","","ev","Ich lerne das Wort ""zu Hause"".","""zu Hause"" kelimesini öğreniyorum.","universal, batch-001, needs-review"
"universal","u_0587","A1","Universal Paket 001","zuerst","","","önce","Ich lerne das Wort ""zuerst"".","""zuerst"" kelimesini öğreniyorum.","universal, batch-001, needs-review"
"universal","u_0588","A1","Universal Paket 001","zufrieden","","","halinden hoşnut, memnun, memnundum","Ich lerne das Wort ""zufrieden"".","""zufrieden"" kelimesini öğreniyorum.","universal, batch-001, needs-review"
"universal","u_0589","A1","Universal Paket 001","zum ersten Mal","","","ilk defa","Ich lerne das Wort ""zum ersten Mal"".","""zum ersten Mal"" kelimesini öğreniyorum.","universal, batch-001, needs-review"
"universal","u_0590","A1","Universal Paket 001","zur Party","","","partiye gitmek","Ich lerne das Wort ""zur Party"".","""zur Party"" kelimesini öğreniyorum.","universal, batch-001, needs-review"
"universal","u_0591","A1","Universal Paket 001","zurückgeben","","","geri verebilirsiniz, geri verebilir, geri vermeliyim","Ich lerne das Wort ""zurückgeben"".","""zurückgeben"" kelimesini öğreniyorum.","universal, batch-001, needs-review"
"universal","u_0592","A1","Universal Paket 001","zurzeit","","","şu anda","Ich lerne das Wort ""zurzeit"".","""zurzeit"" kelimesini öğreniyorum.","universal, batch-001, needs-review"
"universal","u_0593","A1","Universal Paket 001","zwanzig","","","yirmi'de, yirmiye, yirmi","Ich lerne das Wort ""zwanzig"".","""zwanzig"" kelimesini öğreniyorum.","universal, batch-001, needs-review"
"universal","u_0594","A1","Universal Paket 001","zwei","","","ikiye, iki tane, iki’de","Ich lerne das Wort ""zwei"".","""zwei"" kelimesini öğreniyorum.","universal, batch-001, needs-review"
"universal","u_0595","A1","Universal Paket 001","zwölf","","","on iki, 12","Ich lerne das Wort ""zwölf"".","""zwölf"" kelimesini öğreniyorum.","universal, batch-001, needs-review"
